image_name_1,image_name_2
ISIC_0079038,ISIC_8521950
ISIC_0087297,ISIC_4755972
ISIC_0088137,ISIC_4201955
ISIC_0112097,ISIC_5934021
ISIC_0148783,ISIC_7460560
ISIC_0149568,ISIC_9022005
ISIC_0157530,ISIC_3986853
ISIC_0184944,ISIC_2283336
ISIC_0192490,ISIC_5956536
ISIC_0196945,ISIC_8108340
ISIC_0207209,ISIC_2961141
ISIC_0213336,ISIC_7923858
ISIC_0229600,ISIC_1192253
ISIC_0238002,ISIC_6602795
ISIC_0240628,ISIC_9361467
ISIC_0254686,ISIC_7838687
ISIC_0277354,ISIC_4436810
ISIC_0292158,ISIC_8284364
ISIC_0308133,ISIC_7456073
ISIC_0313653,ISIC_1661411
ISIC_0316025,ISIC_0378118
ISIC_0337921,ISIC_4364169
ISIC_0358326,ISIC_4745049
ISIC_0363130,ISIC_2750577
ISIC_0367225,ISIC_8469351
ISIC_0370932,ISIC_9391954
ISIC_0385633,ISIC_3707449
ISIC_0386664,ISIC_1922645
ISIC_0401116,ISIC_0467724
ISIC_0409276,ISIC_7861914
ISIC_0412659,ISIC_4792222
ISIC_0434354,ISIC_0707446
ISIC_0437284,ISIC_7226080
ISIC_0441886,ISIC_9618840
ISIC_0449983,ISIC_3988396
ISIC_0481059,ISIC_5484776
ISIC_0481910,ISIC_5889146
ISIC_0485815,ISIC_2619603
ISIC_0494257,ISIC_2783475
ISIC_0512155,ISIC_7167788
ISIC_0516613,ISIC_3452266
ISIC_0523031,ISIC_3417128
ISIC_0535654,ISIC_1368313
ISIC_0544886,ISIC_2127378
ISIC_0558485,ISIC_8195031
ISIC_0573666,ISIC_1702152
ISIC_0586680,ISIC_2828001
ISIC_0586782,ISIC_8732572
ISIC_0589744,ISIC_4939916
ISIC_0604088,ISIC_6346327
ISIC_0608625,ISIC_2329149
ISIC_0614271,ISIC_6551180
ISIC_0641973,ISIC_4279689
ISIC_0658225,ISIC_6907218
ISIC_0659540,ISIC_3301909
ISIC_0675028,ISIC_5819728
ISIC_0680210,ISIC_7984646
ISIC_0694559,ISIC_2210577
ISIC_0720915,ISIC_9005542
ISIC_0721819,ISIC_8317513
ISIC_0723505,ISIC_9012331
ISIC_0733140,ISIC_3173348
ISIC_0754561,ISIC_8379578
ISIC_0758009,ISIC_6892485
ISIC_0761049,ISIC_3046930
ISIC_0786170,ISIC_9551410
ISIC_0789732,ISIC_8303710
ISIC_0822116,ISIC_7140537
ISIC_0825113,ISIC_4390848
ISIC_0856856,ISIC_2000346
ISIC_0873114,ISIC_8773962
ISIC_0873571,ISIC_3058615
ISIC_0876992,ISIC_4514446
ISIC_0878793,ISIC_7160845
ISIC_0884576,ISIC_9403292
ISIC_0919271,ISIC_1918077
ISIC_0956562,ISIC_4528262
ISIC_0981657,ISIC_7109227
ISIC_0983569,ISIC_1876409
ISIC_1003703,ISIC_8792040
ISIC_1011754,ISIC_6892199
ISIC_1017015,ISIC_5743527
ISIC_1020608,ISIC_9740764
ISIC_1021883,ISIC_9651608
ISIC_1026239,ISIC_6233631
ISIC_1062359,ISIC_1514098
ISIC_1087367,ISIC_3695494
ISIC_1087658,ISIC_7102070
ISIC_1091253,ISIC_9325527
ISIC_1096503,ISIC_2977718
ISIC_1104762,ISIC_6691662
ISIC_1122727,ISIC_6968835
ISIC_1174073,ISIC_4003722
ISIC_1182624,ISIC_2037182
ISIC_1188141,ISIC_6351451
ISIC_1196752,ISIC_9750885
ISIC_1199920,ISIC_1971370
ISIC_1200790,ISIC_8849520
ISIC_1224295,ISIC_7111646
ISIC_1245414,ISIC_8686962
ISIC_1252029,ISIC_2735754
ISIC_1252797,ISIC_2744850
ISIC_1252871,ISIC_2380958
ISIC_1264914,ISIC_2541572
ISIC_1270351,ISIC_7205493
ISIC_1277620,ISIC_6708074
ISIC_1300006,ISIC_9126974
ISIC_1301591,ISIC_8645633
ISIC_1302264,ISIC_1450273
ISIC_1308177,ISIC_4069633
ISIC_1309015,ISIC_8170849
ISIC_1312208,ISIC_2749059
ISIC_1323427,ISIC_6051951
ISIC_1323471,ISIC_6140773
ISIC_1350659,ISIC_8194371
ISIC_1358757,ISIC_4608323
ISIC_1370034,ISIC_8066993
ISIC_1376528,ISIC_1976244
ISIC_1388230,ISIC_7713545
ISIC_1388984,ISIC_7343798
ISIC_1392702,ISIC_5006118
ISIC_1429159,ISIC_9494744
ISIC_1435944,ISIC_6284623
ISIC_1486589,ISIC_5706192
ISIC_1487601,ISIC_3728659
ISIC_1548638,ISIC_5482648
ISIC_1561091,ISIC_5348855
ISIC_1570580,ISIC_5889165
ISIC_1578998,ISIC_4139260
ISIC_1594422,ISIC_2449313
ISIC_1595658,ISIC_8720514
ISIC_1601244,ISIC_6373822
ISIC_1617896,ISIC_3685955
ISIC_1621479,ISIC_7472836
ISIC_1664534,ISIC_4176335
ISIC_1670106,ISIC_2467082
ISIC_1687584,ISIC_6847965
ISIC_1747417,ISIC_9308284
ISIC_1767420,ISIC_8459547
ISIC_1768243,ISIC_6114220
ISIC_1798471,ISIC_4761335
ISIC_1807638,ISIC_3221265
ISIC_1813445,ISIC_8679617
ISIC_1828652,ISIC_3099012
ISIC_1830017,ISIC_2990155
ISIC_1836352,ISIC_7165533
ISIC_1862506,ISIC_2676318
ISIC_1864719,ISIC_3052085
ISIC_1880757,ISIC_3879233
ISIC_1884038,ISIC_8615081
ISIC_1899936,ISIC_2901951
ISIC_1910158,ISIC_4111637
ISIC_1944865,ISIC_5153482
ISIC_1946709,ISIC_9086604
ISIC_1957989,ISIC_8577332
ISIC_1979109,ISIC_9933282
ISIC_2010700,ISIC_4244870
ISIC_2033106,ISIC_8022865
ISIC_2064084,ISIC_3858181
ISIC_2071774,ISIC_6357263
ISIC_2072308,ISIC_8119091
ISIC_2079121,ISIC_2934051
ISIC_2081142,ISIC_3689759
ISIC_2094324,ISIC_6223989
ISIC_2122087,ISIC_2974557
ISIC_2129639,ISIC_9913667
ISIC_2138357,ISIC_5097912
ISIC_2147342,ISIC_4156689
ISIC_2148640,ISIC_5315726
ISIC_2155673,ISIC_2948347
ISIC_2157630,ISIC_3832239
ISIC_2171314,ISIC_5791131
ISIC_2198865,ISIC_2928274
ISIC_2217550,ISIC_3024903
ISIC_2247168,ISIC_7671251
ISIC_2275821,ISIC_6477752
ISIC_2279329,ISIC_6046224
ISIC_2280429,ISIC_6326803
ISIC_2287083,ISIC_3772694
ISIC_2315560,ISIC_7365239
ISIC_2351242,ISIC_3432199
ISIC_2362404,ISIC_8080124
ISIC_2365225,ISIC_8152273
ISIC_2369986,ISIC_5539025
ISIC_2377292,ISIC_8174968
ISIC_2398131,ISIC_3466769
ISIC_2402717,ISIC_7517491
ISIC_2406262,ISIC_9393085
ISIC_2412805,ISIC_8579259
ISIC_2462485,ISIC_9800424
ISIC_2476092,ISIC_3288311
ISIC_2490481,ISIC_8373132
ISIC_2500008,ISIC_7399986
ISIC_2526675,ISIC_7743266
ISIC_2537370,ISIC_4957778
ISIC_2564952,ISIC_4494444
ISIC_2568374,ISIC_8206325
ISIC_2607827,ISIC_9967383
ISIC_2613323,ISIC_5134680
ISIC_2636012,ISIC_9917477
ISIC_2638179,ISIC_3421249
ISIC_2645159,ISIC_5503347
ISIC_2652786,ISIC_5163257
ISIC_2730170,ISIC_7142856
ISIC_2741583,ISIC_4261232
ISIC_2746974,ISIC_6627237
ISIC_2748736,ISIC_5481688
ISIC_2754949,ISIC_5300278
ISIC_2778131,ISIC_3730764
ISIC_2783541,ISIC_4585386
ISIC_2783810,ISIC_4945584
ISIC_2787700,ISIC_5208963
ISIC_2792248,ISIC_9165411
ISIC_2827098,ISIC_8952594
ISIC_2850155,ISIC_8546599
ISIC_2853222,ISIC_9348399
ISIC_2885796,ISIC_9216956
ISIC_2896341,ISIC_7991946
ISIC_2906792,ISIC_9707207
ISIC_2939330,ISIC_7844482
ISIC_2963172,ISIC_3181638
ISIC_2969557,ISIC_3420207
ISIC_2986014,ISIC_8428997
ISIC_2988832,ISIC_3812485
ISIC_3021496,ISIC_9538929
ISIC_3042182,ISIC_4403411
ISIC_3062039,ISIC_3734497
ISIC_3063649,ISIC_8781281
ISIC_3086575,ISIC_7577778
ISIC_3087433,ISIC_3515230
ISIC_3114110,ISIC_3375455
ISIC_3136397,ISIC_6793721
ISIC_3141912,ISIC_7557922
ISIC_3142779,ISIC_5006891
ISIC_3170397,ISIC_4627348
ISIC_3218501,ISIC_7718526
ISIC_3226731,ISIC_4479651
ISIC_3228446,ISIC_4024877
ISIC_3236964,ISIC_3562579
ISIC_3272526,ISIC_3299506
ISIC_3275538,ISIC_6658067
ISIC_3289574,ISIC_3358528
ISIC_3355691,ISIC_4112692
ISIC_3368733,ISIC_5299304
ISIC_3385140,ISIC_4053989
ISIC_3397468,ISIC_4433244
ISIC_3406319,ISIC_5410451
ISIC_3406334,ISIC_9787320
ISIC_3425831,ISIC_7685852
ISIC_3428694,ISIC_6374961
ISIC_3434494,ISIC_8080521
ISIC_3456673,ISIC_5123837
ISIC_3461423,ISIC_4364740
ISIC_3523476,ISIC_8913110
ISIC_3526268,ISIC_3791309
ISIC_3552016,ISIC_9055955
ISIC_3583880,ISIC_9788955
ISIC_3586262,ISIC_5464050
ISIC_3591045,ISIC_8636706
ISIC_3625016,ISIC_7759394
ISIC_3638162,ISIC_7967955
ISIC_3640401,ISIC_6091765
ISIC_3660136,ISIC_3933828
ISIC_3671424,ISIC_7623050
ISIC_3686620,ISIC_8118124
ISIC_3708522,ISIC_9132088
ISIC_3737866,ISIC_5516928
ISIC_3757997,ISIC_6676883
ISIC_3761071,ISIC_9743052
ISIC_3809013,ISIC_5089423
ISIC_3844151,ISIC_4199686
ISIC_3863610,ISIC_7449104
ISIC_3871230,ISIC_6325512
ISIC_3882374,ISIC_8722181
ISIC_3915289,ISIC_8362891
ISIC_3927991,ISIC_9104012
ISIC_3945730,ISIC_5188723
ISIC_3980006,ISIC_9354947
ISIC_3998306,ISIC_4452819
ISIC_4046045,ISIC_6773312
ISIC_4050462,ISIC_8021069
ISIC_4063200,ISIC_8704672
ISIC_4064041,ISIC_8646115
ISIC_4066013,ISIC_4256214
ISIC_4066707,ISIC_8904924
ISIC_4071825,ISIC_4219607
ISIC_4127065,ISIC_7937250
ISIC_4138181,ISIC_9687464
ISIC_4155168,ISIC_4889721
ISIC_4159621,ISIC_9071511
ISIC_4161718,ISIC_7787763
ISIC_4192466,ISIC_7948818
ISIC_4219589,ISIC_4457587
ISIC_4226395,ISIC_8827615
ISIC_4242559,ISIC_7375608
ISIC_4249243,ISIC_4690191
ISIC_4267683,ISIC_6608938
ISIC_4327358,ISIC_8692556
ISIC_4343836,ISIC_8747435
ISIC_4344995,ISIC_9640245
ISIC_4373563,ISIC_6481497
ISIC_4389708,ISIC_6927916
ISIC_4397871,ISIC_5781274
ISIC_4496665,ISIC_4941646
ISIC_4509525,ISIC_9493030
ISIC_4511841,ISIC_5920981
ISIC_4556458,ISIC_8776630
ISIC_4590786,ISIC_9133072
ISIC_4597011,ISIC_4691889
ISIC_4608393,ISIC_9578094
ISIC_4616221,ISIC_7449219
ISIC_4639468,ISIC_9018781
ISIC_4695567,ISIC_7948595
ISIC_4763017,ISIC_9553194
ISIC_4765961,ISIC_8829317
ISIC_4794573,ISIC_6875825
ISIC_4801098,ISIC_7891771
ISIC_4870936,ISIC_9674173
ISIC_4897895,ISIC_8490701
ISIC_4909229,ISIC_5614711
ISIC_4913284,ISIC_6385615
ISIC_4978474,ISIC_8407448
ISIC_5002041,ISIC_8629649
ISIC_5010197,ISIC_8963367
ISIC_5029146,ISIC_6984247
ISIC_5106545,ISIC_6784756
ISIC_5133804,ISIC_9763829
ISIC_5144150,ISIC_5520533
ISIC_5169650,ISIC_7385195
ISIC_5169849,ISIC_8285182
ISIC_5170323,ISIC_7480243
ISIC_5176105,ISIC_5407936
ISIC_5176419,ISIC_6003172
ISIC_5243831,ISIC_8333875
ISIC_5254803,ISIC_5765481
ISIC_5261611,ISIC_5470394
ISIC_5299786,ISIC_9147750
ISIC_5299821,ISIC_8758359
ISIC_5309300,ISIC_5640472
ISIC_5327000,ISIC_8559515
ISIC_5361965,ISIC_6402957
ISIC_5400342,ISIC_9067007
ISIC_5440360,ISIC_8558194
ISIC_5448850,ISIC_9881235
ISIC_5468989,ISIC_8789373
ISIC_5484086,ISIC_9910480
ISIC_5497851,ISIC_7811060
ISIC_5501375,ISIC_8560381
ISIC_5563844,ISIC_7437431
ISIC_5600160,ISIC_7631880
ISIC_5607452,ISIC_9952408
ISIC_5626944,ISIC_6254045
ISIC_5644962,ISIC_8667588
ISIC_5667469,ISIC_9279540
ISIC_5706663,ISIC_7089905
ISIC_5723510,ISIC_7005347
ISIC_5756962,ISIC_7241455
ISIC_5778330,ISIC_9854376
ISIC_5846233,ISIC_5871888
ISIC_5873539,ISIC_7648129
ISIC_5892680,ISIC_8755969
ISIC_5922139,ISIC_6740634
ISIC_5941314,ISIC_8611845
ISIC_5944524,ISIC_8864036
ISIC_6068452,ISIC_8787826
ISIC_6080436,ISIC_8689811
ISIC_6091609,ISIC_9417600
ISIC_6151153,ISIC_8329627
ISIC_6174156,ISIC_8896474
ISIC_6204417,ISIC_8841833
ISIC_6270846,ISIC_7628257
ISIC_6304412,ISIC_8586909
ISIC_6326012,ISIC_7949203
ISIC_6352565,ISIC_6584579
ISIC_6363173,ISIC_9515321
ISIC_6413170,ISIC_8446269
ISIC_6600424,ISIC_9108776
ISIC_6619411,ISIC_7834330
ISIC_6689310,ISIC_7528783
ISIC_6696536,ISIC_6856100
ISIC_6721280,ISIC_8198814
ISIC_6770630,ISIC_9590080
ISIC_6954577,ISIC_7986935
ISIC_7070684,ISIC_9555291
ISIC_7079599,ISIC_9038898
ISIC_7101810,ISIC_7629997
ISIC_7146294,ISIC_7311305
ISIC_7266736,ISIC_9847428
ISIC_7307339,ISIC_8556150
ISIC_7319304,ISIC_9083443
ISIC_7356589,ISIC_9199965
ISIC_7365445,ISIC_7791770
ISIC_7384382,ISIC_7486963
ISIC_7445800,ISIC_7733258
ISIC_7495157,ISIC_9106176
ISIC_7537233,ISIC_8496078
ISIC_7611972,ISIC_9622250
ISIC_7621067,ISIC_8572337
ISIC_7622520,ISIC_9207895
ISIC_7638633,ISIC_8530596
ISIC_7644150,ISIC_8010113
ISIC_7654562,ISIC_8951006
ISIC_7677876,ISIC_8428562
ISIC_7696218,ISIC_8750635
ISIC_7803010,ISIC_7941047
ISIC_7928614,ISIC_9726957
ISIC_7969552,ISIC_9159718
ISIC_7997886,ISIC_9462212
ISIC_8009201,ISIC_8691891
ISIC_8020166,ISIC_8933605
ISIC_8117653,ISIC_8797277
ISIC_8136949,ISIC_8693637
ISIC_8148300,ISIC_8369388
ISIC_8160180,ISIC_9275899
ISIC_8236190,ISIC_9710367
ISIC_8343285,ISIC_8401104
ISIC_8362154,ISIC_9062432
ISIC_8470398,ISIC_9587551
ISIC_8603087,ISIC_9126655
ISIC_8876993,ISIC_9053755
ISIC_8879370,ISIC_9596146
ISIC_8889856,ISIC_9677697
ISIC_8987085,ISIC_9751079
ISIC_9218360,ISIC_9913406
ISIC_9432244,ISIC_9645937