,file,target
0,ISIC_0064868,1
1,ISIC_0032617,1
2,ISIC_0061378,1
3,ISIC_0065382,1
4,ISIC_5732201,1
5,ISIC_0055167,1
6,ISIC_0033470,1
7,ISIC_0067240,1
8,ISIC_0027069,1
9,ISIC_0072990,1
10,ISIC_3684488,1
11,ISIC_4223155,1
12,ISIC_0014548_downsampled,1
13,ISIC_0056102,1
14,ISIC_0000164,1
15,ISIC_0064632,1
16,ISIC_9001948,1
17,ISIC_0025616,1
18,ISIC_0014518_downsampled,1
19,ISIC_0071197,1
20,ISIC_1356715,1
21,ISIC_0067934,1
22,ISIC_0055147,1
23,ISIC_0063811,1
24,ISIC_0029157,1
25,ISIC_0013073_downsampled,1
26,ISIC_0061829,1
27,ISIC_0072171,1
28,ISIC_1388552,1
29,ISIC_0031208,1
30,ISIC_0027956,1
31,ISIC_0032841,1
32,ISIC_0068385,1
33,ISIC_0064993,1
34,ISIC_0015204_downsampled,1
35,ISIC_0033607,1
36,ISIC_3416107,1
37,ISIC_6539127,1
38,ISIC_0013490_downsampled,1
39,ISIC_0071218,1
40,ISIC_0062688,1
41,ISIC_0072330,1
42,ISIC_0000163,1
43,ISIC_0033653,1
44,ISIC_0065655,1
45,ISIC_0033122,1
46,ISIC_0027673,1
47,ISIC_0032424,1
48,ISIC_0066122,1
49,ISIC_0066776,1
50,ISIC_0061281,1
51,ISIC_0028567,1
52,ISIC_0000487,1
53,ISIC_0026652,1
54,ISIC_0055264,1
55,ISIC_0071808,1
56,ISIC_0033278,1
57,ISIC_0025235,1
58,ISIC_0069617,1
59,ISIC_0028916,1
60,ISIC_0055902,1
61,ISIC_2739449,1
62,ISIC_0029000,1
63,ISIC_0034180,1
64,ISIC_0013277_downsampled,1
65,ISIC_0062155,1
66,ISIC_0059992,1
67,ISIC_0056863,1
68,ISIC_0060577,1
69,ISIC_0027067,1
70,ISIC_0033037,1
71,ISIC_0067333,1
72,ISIC_3969411,1
73,ISIC_0025268,1
74,ISIC_0000531,1
75,ISIC_0058716,1
76,ISIC_0065853,1
77,ISIC_0061798,1
78,ISIC_0010080,1
79,ISIC_0026735,1
80,ISIC_0060118,1
81,ISIC_0026823,1
82,ISIC_0057299,1
83,ISIC_0000002,1
84,ISIC_4425322,1
85,ISIC_0062935,1
86,ISIC_0000078_downsampled,1
87,ISIC_0000393_downsampled,1
88,ISIC_0061188,1
89,ISIC_0072755,1
90,ISIC_0011161,1
91,ISIC_8493108,1
92,ISIC_0059941,1
93,ISIC_0062547,1
94,ISIC_0070961,1
95,ISIC_0059435,1
96,ISIC_0066332,1
97,ISIC_0056788,1
98,ISIC_0032684,1
99,ISIC_0029571,1
100,ISIC_0063551,1
101,ISIC_0061479,1
102,ISIC_7546219,1
103,ISIC_0027552,1
104,ISIC_0067758,1
105,ISIC_0032960,1
106,ISIC_0061231,1
107,ISIC_0034216,1
108,ISIC_0058426,1
109,ISIC_0012756_downsampled,1
110,ISIC_0072441,1
111,ISIC_0062628,1
112,ISIC_0055643,1
113,ISIC_0033546,1
114,ISIC_0011305,1
115,ISIC_0066105,1
116,ISIC_0064563,1
117,ISIC_0031554,1
118,ISIC_0028288,1
119,ISIC_0011166,1
120,ISIC_4425657,1
121,ISIC_0056914,1
122,ISIC_6355353,1
123,ISIC_0027561,1
124,ISIC_0027352,1
125,ISIC_6713432,1
126,ISIC_0014331_downsampled,1
127,ISIC_0057089,1
128,ISIC_0025413,1
129,ISIC_0030950,1
130,ISIC_0059601,1
131,ISIC_0064919,1
132,ISIC_0067960,1
133,ISIC_0071538,1
134,ISIC_0010863,1
135,ISIC_0062102,1
136,ISIC_0061715,1
137,ISIC_0072612,1
138,ISIC_0058196,1
139,ISIC_1729223,1
140,ISIC_0028041,1
141,ISIC_0032245,1
142,ISIC_0060341,1
143,ISIC_0028306,1
144,ISIC_0014189_downsampled,1
145,ISIC_0010319,1
146,ISIC_0031377,1
147,ISIC_0066404,1
148,ISIC_0058676,1
149,ISIC_0027693,1
150,ISIC_0066615,1
151,ISIC_5581297,1
152,ISIC_0055776,1
153,ISIC_0014979_downsampled,1
154,ISIC_0072799,1
155,ISIC_0066685,1
156,ISIC_0057997,1
157,ISIC_0072454,1
158,ISIC_0025035,1
159,ISIC_0032918,1
160,ISIC_0068554,1
161,ISIC_0033687,1
162,ISIC_0064860,1
163,ISIC_0010000,1
164,ISIC_0063691,1
165,ISIC_0028508,1
166,ISIC_0063945,1
167,ISIC_0489267,1
168,ISIC_0009897,1
169,ISIC_0064804,1
170,ISIC_0034202,1
171,ISIC_0033843,1
172,ISIC_0001128_downsampled,1
173,ISIC_0000300,1
174,ISIC_0069192,1
175,ISIC_0070888,1
176,ISIC_0067317,1
177,ISIC_0056600,1
178,ISIC_0063133,1
179,ISIC_3821242,1
180,ISIC_0071035,1
181,ISIC_0072030,1
182,ISIC_0015206_downsampled,1
183,ISIC_0059450,1
184,ISIC_3391427,1
185,ISIC_0014077_downsampled,1
186,ISIC_0057978,1
187,ISIC_0015142_downsampled,1
188,ISIC_0064933,1
189,ISIC_0059671,1
190,ISIC_0068882,1
191,ISIC_7312977,1
192,ISIC_8437493,1
193,ISIC_0063595,1
194,ISIC_0061624,1
195,ISIC_0057716,1
196,ISIC_0064266,1
197,ISIC_5137933,1
198,ISIC_0030539,1
199,ISIC_0028764,1
200,ISIC_0066407,1
201,ISIC_0028325,1
202,ISIC_0032248,1
203,ISIC_0031498,1
204,ISIC_0059273,1
205,ISIC_0054846,1
206,ISIC_0000283,1
207,ISIC_0059065,1
208,ISIC_0060555,1
209,ISIC_0059386,1
210,ISIC_0033193,1
211,ISIC_0060648,1
212,ISIC_0072063,1
213,ISIC_0072624,1
214,ISIC_5260050,1
215,ISIC_0056221,1
216,ISIC_0061049,1
217,ISIC_0025500,1
218,ISIC_0009993,1
219,ISIC_0032629,1
220,ISIC_0010054,1
221,ISIC_4000481,1
222,ISIC_0063496,1
223,ISIC_0029033,1
224,ISIC_0015041_downsampled,1
225,ISIC_0057147,1
226,ISIC_0027507,1
227,ISIC_0070227,1
228,ISIC_0031908,1
229,ISIC_0058046,1
230,ISIC_0060586,1
231,ISIC_0012208_downsampled,1
232,ISIC_4170698,1
233,ISIC_0054025,1
234,ISIC_0034145,1
235,ISIC_0026558,1
236,ISIC_0069197,1
237,ISIC_0064298,1
238,ISIC_0062162,1
239,ISIC_0032547,1
240,ISIC_0065248,1
241,ISIC_0067576,1
242,ISIC_0066659,1
243,ISIC_0054912,1
244,ISIC_0068164,1
245,ISIC_2979268,1
246,ISIC_0060355,1
247,ISIC_0032081,1
248,ISIC_0000294,1
249,ISIC_9367522,1
250,ISIC_0069988,1
251,ISIC_0072373,1
252,ISIC_0062850,1
253,ISIC_0071782,1
254,ISIC_0029995,1
255,ISIC_0031146,1
256,ISIC_0064549,1
257,ISIC_0063191,1
258,ISIC_0065516,1
259,ISIC_0014423_downsampled,1
260,ISIC_0073119,1
261,ISIC_0000445_downsampled,1
262,ISIC_0067006,1
263,ISIC_0034087,1
264,ISIC_8002875,1
265,ISIC_0000162,1
266,ISIC_0014186_downsampled,1
267,ISIC_8249854,1
268,ISIC_0000159,1
269,ISIC_0026989,1
270,ISIC_0072568,1
271,ISIC_0069119,1
272,ISIC_0030575,1
273,ISIC_0072287,1
274,ISIC_0064863,1
275,ISIC_0060239,1
276,ISIC_0064463,1
277,ISIC_0011135,1
278,ISIC_0064393,1
279,ISIC_0031972,1
280,ISIC_0059219,1
281,ISIC_5922588,1
282,ISIC_0058526,1
283,ISIC_0062762,1
284,ISIC_0066783,1
285,ISIC_0033300,1
286,ISIC_0032656,1
287,ISIC_0010231,1
288,ISIC_0055526,1
289,ISIC_0063930,1
290,ISIC_0064281,1
291,ISIC_0069821,1
292,ISIC_0069059,1
293,ISIC_0060508,1
294,ISIC_0053846,1
295,ISIC_0033779,1
296,ISIC_0055503,1
297,ISIC_0054599,1
298,ISIC_2447578,1
299,ISIC_0064062,1
300,ISIC_0056092,1
301,ISIC_0057729,1
302,ISIC_0057973,1
303,ISIC_0064014,1
304,ISIC_0058471,1
305,ISIC_0057169,1
306,ISIC_0058439,1
307,ISIC_0056263,1
308,ISIC_0014558_downsampled,1
309,ISIC_0071342,1
310,ISIC_0061448,1
311,ISIC_0066041,1
312,ISIC_0070050,1
313,ISIC_0057700,1
314,ISIC_8985109,1
315,ISIC_7183212,1
316,ISIC_0504165,1
317,ISIC_0028219,1
318,ISIC_0065577,1
319,ISIC_0069889,1
320,ISIC_0054334,1
321,ISIC_0060827,1
322,ISIC_0010081,1
323,ISIC_0032982,1
324,ISIC_0053909,1
325,ISIC_1393771,1
326,ISIC_0055918,1
327,ISIC_0059506,1
328,ISIC_0014809_downsampled,1
329,ISIC_0055841,1
330,ISIC_0024972,1
331,ISIC_0062891,1
332,ISIC_0033469,1
333,ISIC_0070992,1
334,ISIC_0054979,1
335,ISIC_0060297,1
336,ISIC_9012513,1
337,ISIC_0000444_downsampled,1
338,ISIC_0065374,1
339,ISIC_0014983_downsampled,1
340,ISIC_3097354,1
341,ISIC_0064997,1
342,ISIC_0011210,1
343,ISIC_0015046_downsampled,1
344,ISIC_0059840,1
345,ISIC_0033754,1
346,ISIC_0071532,1
347,ISIC_0054885,1
348,ISIC_0067307,1
349,ISIC_0033662,1
350,ISIC_0010466,1
351,ISIC_0059440,1
352,ISIC_0065954,1
353,ISIC_0024961,1
354,ISIC_0066225,1
355,ISIC_0033594,1
356,ISIC_0070253,1
357,ISIC_0061261,1
358,ISIC_0053766,1
359,ISIC_3915890,1
360,ISIC_0071834,1
361,ISIC_0067830,1
362,ISIC_0010322,1
363,ISIC_0073038,1
364,ISIC_2309744,1
365,ISIC_8052769,1
366,ISIC_0059253,1
367,ISIC_0011126,1
368,ISIC_8252406,1
369,ISIC_0032695,1
370,ISIC_0014369_downsampled,1
371,ISIC_0056346,1
372,ISIC_0013777_downsampled,1
373,ISIC_0027616,1
374,ISIC_0064909,1
375,ISIC_0070666,1
376,ISIC_0024739,1
377,ISIC_0055246,1
378,ISIC_0055297,1
379,ISIC_0010175,1
380,ISIC_0072595,1
381,ISIC_2141237,1
382,ISIC_1071355,1
383,ISIC_0034132,1
384,ISIC_0064822,1
385,ISIC_0026746,1
386,ISIC_0032970,1
387,ISIC_0032017,1
388,ISIC_0014527_downsampled,1
389,ISIC_0057188,1
390,ISIC_0067160,1
391,ISIC_0057286,1
392,ISIC_0013581_downsampled,1
393,ISIC_0056525,1
394,ISIC_0059804,1
395,ISIC_0028666,1
396,ISIC_0000521_downsampled,1
397,ISIC_0054226,1
398,ISIC_0069929,1
399,ISIC_6255113,1
400,ISIC_0063228,1
401,ISIC_0063829,1
402,ISIC_0066878,1
403,ISIC_0032984,1
404,ISIC_0055743,1
405,ISIC_0030512,1
406,ISIC_0072422,1
407,ISIC_0066422,1
408,ISIC_0070447,1
409,ISIC_0013639_downsampled,1
410,ISIC_0072002,1
411,ISIC_0068576,1
412,ISIC_0057762,1
413,ISIC_3446357,1
414,ISIC_0034059,1
415,ISIC_0014395_downsampled,1
416,ISIC_0031479,1
417,ISIC_0029884,1
418,ISIC_0029575,1
419,ISIC_1241817,1
420,ISIC_0055438,1
421,ISIC_0013497_downsampled,1
422,ISIC_0058947,1
423,ISIC_8615491,1
424,ISIC_0013975_downsampled,1
425,ISIC_0054851,1
426,ISIC_0064416,1
427,ISIC_0061701,1
428,ISIC_0058298,1
429,ISIC_0031844,1
430,ISIC_0033730,1
431,ISIC_0055311,1
432,ISIC_0062423,1
433,ISIC_0062286,1
434,ISIC_0327406,1
435,ISIC_0070710,1
436,ISIC_0071401,1
437,ISIC_0061008,1
438,ISIC_0014222_downsampled,1
439,ISIC_0025520,1
440,ISIC_5642824,1
441,ISIC_0024410,1
442,ISIC_0056800,1
443,ISIC_0057412,1
444,ISIC_6809586,1
445,ISIC_0061583,1
446,ISIC_0033304,1
447,ISIC_0055226,1
448,ISIC_0986600,1
449,ISIC_0065944,1
450,ISIC_0014476_downsampled,1
451,ISIC_0058331,1
452,ISIC_0067694,1
453,ISIC_0065046,1
454,ISIC_0033981,1
455,ISIC_0025709,1
456,ISIC_0062112,1
457,ISIC_0058433,1
458,ISIC_0000482,1
459,ISIC_0059513,1
460,ISIC_0071069,1
461,ISIC_0011295,1
462,ISIC_0055924,1
463,ISIC_3159924,1
464,ISIC_0063443,1
465,ISIC_0055742,1
466,ISIC_0061379,1
467,ISIC_0028017,1
468,ISIC_0062948,1
469,ISIC_0071138,1
470,ISIC_0031499,1
471,ISIC_0012290_downsampled,1
472,ISIC_0027436,1
473,ISIC_0057864,1
474,ISIC_0031900,1
475,ISIC_0065089,1
476,ISIC_0057707,1
477,ISIC_7346739,1
478,ISIC_0013472_downsampled,1
479,ISIC_0061532,1
480,ISIC_0072773,1
481,ISIC_0068881,1
482,ISIC_0056046,1
483,ISIC_0057172,1
484,ISIC_0060559,1
485,ISIC_0011137,1
486,ISIC_0053617,1
487,ISIC_0014946_downsampled,1
488,ISIC_0061441,1
489,ISIC_0009971,1
490,ISIC_3241636,1
491,ISIC_0055295,1
492,ISIC_0058645,1
493,ISIC_0033704,1
494,ISIC_0054079,1
495,ISIC_0057545,1
496,ISIC_0073241,1
497,ISIC_0054886,1
498,ISIC_0056632,1
499,ISIC_0033885,1
500,ISIC_0013577_downsampled,1
501,ISIC_0000029_downsampled,1
502,ISIC_0070731,1
503,ISIC_0032638,1
504,ISIC_0054141,1
505,ISIC_5267208,1
506,ISIC_0071827,1
507,ISIC_0033344,1
508,ISIC_0025238,1
509,ISIC_0071180,1
510,ISIC_0063885,1
511,ISIC_2587002,0
512,ISIC_1949526,0
513,ISIC_5836021,0
514,ISIC_0202023,0
515,ISIC_8996798,0
516,ISIC_0951377,0
517,ISIC_0153549,0
518,ISIC_7652615,0
519,ISIC_9571782,0
520,ISIC_6142603,0
521,ISIC_1464939,0
522,ISIC_7449104,0
523,ISIC_4166490,0
524,ISIC_6676345,0
525,ISIC_8955135,0
526,ISIC_1531971,0
527,ISIC_8346238,0
528,ISIC_9909173,0
529,ISIC_7192100,0
530,ISIC_3288502,0
531,ISIC_6795622,0
532,ISIC_7924119,0
533,ISIC_9284304,0
534,ISIC_1903346,0
535,ISIC_0613362,0
536,ISIC_5306859,0
537,ISIC_4414811,0
538,ISIC_7397356,0
539,ISIC_3272155,0
540,ISIC_3486604,0
541,ISIC_1628539,0
542,ISIC_5159043,0
543,ISIC_9570855,0
544,ISIC_1089746,0
545,ISIC_6348271,0
546,ISIC_8751106,0
547,ISIC_3299783,0
548,ISIC_3360764,0
549,ISIC_6556220,0
550,ISIC_7153240,0
551,ISIC_6280523,0
552,ISIC_7414145,0
553,ISIC_2797668,0
554,ISIC_6074613,0
555,ISIC_4243283,0
556,ISIC_8343676,0
557,ISIC_1020862,0
558,ISIC_7817524,0
559,ISIC_1387722,0
560,ISIC_0962601,0
561,ISIC_7705867,0
562,ISIC_5564757,0
563,ISIC_9184306,0
564,ISIC_2258220,0
565,ISIC_2917372,0
566,ISIC_5468989,0
567,ISIC_7392738,0
568,ISIC_1570960,0
569,ISIC_6354194,0
570,ISIC_3376737,0
571,ISIC_7233090,0
572,ISIC_5337720,0
573,ISIC_8053586,0
574,ISIC_0800069,0
575,ISIC_0869231,0
576,ISIC_3613392,0
577,ISIC_3222214,0
578,ISIC_3092551,0
579,ISIC_6527288,0
580,ISIC_3424207,0
581,ISIC_0581293,0
582,ISIC_3275914,0
583,ISIC_4057236,0
584,ISIC_6415466,0
585,ISIC_0456905,0
586,ISIC_1170134,0
587,ISIC_3692925,0
588,ISIC_3194895,0
589,ISIC_0819729,0
590,ISIC_8930970,0
591,ISIC_9402619,0
592,ISIC_8869249,0
593,ISIC_9531403,0
594,ISIC_8809618,0
595,ISIC_4635765,0
596,ISIC_7748899,0
597,ISIC_0953133,0
598,ISIC_9469411,0
599,ISIC_1617896,0
600,ISIC_2937815,0
601,ISIC_5022002,0
602,ISIC_7764021,0
603,ISIC_4750951,0
604,ISIC_8532425,0
605,ISIC_5561988,0
606,ISIC_6469737,0
607,ISIC_5210185,0
608,ISIC_0952665,0
609,ISIC_4531585,0
610,ISIC_8180062,0
611,ISIC_6184911,0
612,ISIC_3262383,0
613,ISIC_4184050,0
614,ISIC_3914463,0
615,ISIC_5226371,0
616,ISIC_4762598,0
617,ISIC_0350117,0
618,ISIC_6531410,0
619,ISIC_8710457,0
620,ISIC_1382220,0
621,ISIC_7236143,0
622,ISIC_0499554,0
623,ISIC_2008230,0
624,ISIC_1851112,0
625,ISIC_3563951,0
626,ISIC_3676029,0
627,ISIC_8285776,0
628,ISIC_1789408,0
629,ISIC_3604100,0
630,ISIC_8820668,0
631,ISIC_7180318,0
632,ISIC_3913709,0
633,ISIC_9442715,0
634,ISIC_9013967,0
635,ISIC_2562444,0
636,ISIC_7090324,0
637,ISIC_1057607,0
638,ISIC_3052085,0
639,ISIC_3889671,0
640,ISIC_3821027,0
641,ISIC_4904405,0
642,ISIC_1356945,0
643,ISIC_3871230,0
644,ISIC_6864484,0
645,ISIC_0983360,0
646,ISIC_6546423,0
647,ISIC_3699927,0
648,ISIC_8779202,0
649,ISIC_1078563,0
650,ISIC_4663531,0
651,ISIC_8984777,0
652,ISIC_0199538,0
653,ISIC_2482427,0
654,ISIC_7264203,0
655,ISIC_9573024,0
656,ISIC_9914240,0
657,ISIC_6665515,0
658,ISIC_3586461,0
659,ISIC_5870557,0
660,ISIC_6215646,0
661,ISIC_2790630,0
662,ISIC_1000399,0
663,ISIC_4822192,0
664,ISIC_2969968,0
665,ISIC_2355860,0
666,ISIC_7231443,0
667,ISIC_7399557,0
668,ISIC_0225295,0
669,ISIC_6844752,0
670,ISIC_1142158,0
671,ISIC_5474663,0
672,ISIC_8054620,0
673,ISIC_2087641,0
674,ISIC_6190245,0
675,ISIC_3296741,0
676,ISIC_8252423,0
677,ISIC_7200497,0
678,ISIC_4127968,0
679,ISIC_4948093,0
680,ISIC_5868210,0
681,ISIC_5738369,0
682,ISIC_1411567,0
683,ISIC_0610141,0
684,ISIC_2321671,0
685,ISIC_3222573,0
686,ISIC_5600160,0
687,ISIC_2007691,0
688,ISIC_8227428,0
689,ISIC_4885898,0
690,ISIC_6481625,0
691,ISIC_5090400,0
692,ISIC_4897895,0
693,ISIC_1943654,0
694,ISIC_4288709,0
695,ISIC_1926856,0
696,ISIC_1263378,0
697,ISIC_5715041,0
698,ISIC_0561802,0
699,ISIC_5927617,0
700,ISIC_1674126,0
701,ISIC_5280906,0
702,ISIC_2564952,0
703,ISIC_3452266,0
704,ISIC_2532945,0
705,ISIC_1396276,0
706,ISIC_3496565,0
707,ISIC_3317424,0
708,ISIC_2486598,0
709,ISIC_8585810,0
710,ISIC_4409939,0
711,ISIC_1599679,0
712,ISIC_8435736,0
713,ISIC_2616640,0
714,ISIC_2969373,0
715,ISIC_8608062,0
716,ISIC_8523488,0
717,ISIC_2330388,0
718,ISIC_8436590,0
719,ISIC_6123672,0
720,ISIC_8533045,0
721,ISIC_3630538,0
722,ISIC_9498448,0
723,ISIC_3784812,0
724,ISIC_1130888,0
725,ISIC_4095559,0
726,ISIC_5150671,0
727,ISIC_9338349,0
728,ISIC_6802355,0
729,ISIC_4217963,0
730,ISIC_7810552,0
731,ISIC_0690264,0
732,ISIC_1336905,0
733,ISIC_3717102,0
734,ISIC_4927573,0
735,ISIC_0804420,0
736,ISIC_1927418,0
737,ISIC_2567786,0
738,ISIC_1957685,0
739,ISIC_6863391,0
740,ISIC_4172470,0
741,ISIC_5920763,0
742,ISIC_9747234,0
743,ISIC_8329627,0
744,ISIC_1368336,0
745,ISIC_8953242,0
746,ISIC_2604581,0
747,ISIC_7903838,0
748,ISIC_7129134,0
749,ISIC_9121369,0
750,ISIC_4424322,0
751,ISIC_8165906,0
752,ISIC_4351306,0
753,ISIC_3871175,0
754,ISIC_3706506,0
755,ISIC_6083609,0
756,ISIC_4830433,0
757,ISIC_4055833,0
758,ISIC_1552127,0
759,ISIC_7354035,0
760,ISIC_5193510,0
761,ISIC_1736735,0
762,ISIC_5606155,0
763,ISIC_8704668,0
764,ISIC_2398526,0
765,ISIC_2618635,0
766,ISIC_8248353,0
767,ISIC_5333238,0
768,ISIC_5340305,0
769,ISIC_5457826,0
770,ISIC_2292028,0
771,ISIC_0085718,0
772,ISIC_1726444,0
773,ISIC_5855004,0
774,ISIC_1752306,0
775,ISIC_4211868,0
776,ISIC_2459552,0
777,ISIC_0591011,0
778,ISIC_0448964,0
779,ISIC_8001516,0
780,ISIC_6722603,0
781,ISIC_9266440,0
782,ISIC_9263896,0
783,ISIC_2744859,0
784,ISIC_4731097,0
785,ISIC_3253566,0
786,ISIC_1164612,0
787,ISIC_8009880,0
788,ISIC_1204729,0
789,ISIC_1887647,0
790,ISIC_0682795,0
791,ISIC_1361355,0
792,ISIC_0954236,0
793,ISIC_8749680,0
794,ISIC_5418216,0
795,ISIC_0507002,0
796,ISIC_0492473,0
797,ISIC_1376528,0
798,ISIC_0628277,0
799,ISIC_0281291,0
800,ISIC_7826324,0
801,ISIC_5225928,0
802,ISIC_1684603,0
803,ISIC_4284380,0
804,ISIC_7071944,0
805,ISIC_1161591,0
806,ISIC_1477056,0
807,ISIC_5106638,0
808,ISIC_3455818,0
809,ISIC_4989914,0
810,ISIC_4574865,0
811,ISIC_3641625,0
812,ISIC_2185831,0
813,ISIC_8519402,0
814,ISIC_2122585,0
815,ISIC_4961493,0
816,ISIC_7847294,0
817,ISIC_8151437,0
818,ISIC_1612947,0
819,ISIC_6181449,0
820,ISIC_9239632,0
821,ISIC_9564379,0
822,ISIC_4699989,0
823,ISIC_9288490,0
824,ISIC_1772523,0
825,ISIC_0632876,0
826,ISIC_4067727,0
827,ISIC_5748858,0
828,ISIC_3722411,0
829,ISIC_4264600,0
830,ISIC_6175538,0
831,ISIC_4867811,0
832,ISIC_3689316,0
833,ISIC_8890072,0
834,ISIC_6744531,0
835,ISIC_5630940,0
836,ISIC_8700156,0
837,ISIC_9871381,0
838,ISIC_5395714,0
839,ISIC_4652753,0
840,ISIC_2781254,0
841,ISIC_4770073,0
842,ISIC_7024619,0
843,ISIC_6535381,0
844,ISIC_4870813,0
845,ISIC_4761334,0
846,ISIC_1685257,0
847,ISIC_4211990,0
848,ISIC_5110696,0
849,ISIC_9479804,0
850,ISIC_3317982,0
851,ISIC_4107574,0
852,ISIC_6722586,0
853,ISIC_3481768,0
854,ISIC_0543494,0
855,ISIC_0325761,0
856,ISIC_8148300,0
857,ISIC_4167654,0
858,ISIC_4732788,0
859,ISIC_5663367,0
860,ISIC_5675298,0
861,ISIC_2730629,0
862,ISIC_3768804,0
863,ISIC_5892142,0
864,ISIC_9082440,0
865,ISIC_9433382,0
866,ISIC_4192125,0
867,ISIC_3691925,0
868,ISIC_6019516,0
869,ISIC_9791878,0
870,ISIC_6186813,0
871,ISIC_9416399,0
872,ISIC_9190018,0
873,ISIC_7873831,0
874,ISIC_8631846,0
875,ISIC_3386753,0
876,ISIC_6442221,0
877,ISIC_2263540,0
878,ISIC_5724672,0
879,ISIC_7437712,0
880,ISIC_6610645,0
881,ISIC_6836359,0
882,ISIC_3282452,0
883,ISIC_2318902,0
884,ISIC_6113524,0
885,ISIC_8590181,0
886,ISIC_3888054,0
887,ISIC_3747477,0
888,ISIC_1806179,0
889,ISIC_4183857,0
890,ISIC_2086540,0
891,ISIC_8691327,0
892,ISIC_0305679,0
893,ISIC_1636931,0
894,ISIC_1852500,0
895,ISIC_2542073,0
896,ISIC_1268027,0
897,ISIC_2325035,0
898,ISIC_8742972,0
899,ISIC_7874576,0
900,ISIC_4944445,0
901,ISIC_8563737,0
902,ISIC_5119261,0
903,ISIC_5236233,0
904,ISIC_2837876,0
905,ISIC_8332339,0
906,ISIC_0229656,0
907,ISIC_5008272,0
908,ISIC_5469914,0
909,ISIC_9053699,0
910,ISIC_8360023,0
911,ISIC_4524422,0
912,ISIC_2518266,0
913,ISIC_5126638,0
914,ISIC_1197584,0
915,ISIC_2699903,0
916,ISIC_2633540,0
917,ISIC_2805573,0
918,ISIC_3183190,0
919,ISIC_4310869,0
920,ISIC_3305120,0
921,ISIC_0926306,0
922,ISIC_9279540,0
923,ISIC_0860622,0
924,ISIC_4940947,0
925,ISIC_7577778,0
926,ISIC_2151727,0
927,ISIC_7600232,0
928,ISIC_1847684,0
929,ISIC_9626997,0
930,ISIC_7803253,0
931,ISIC_9069620,0
932,ISIC_0164329,0
933,ISIC_4586632,0
934,ISIC_3158860,0
935,ISIC_9187876,0
936,ISIC_3996106,0
937,ISIC_7111544,0
938,ISIC_1761138,0
939,ISIC_2126688,0
940,ISIC_6562729,0
941,ISIC_9571685,0
942,ISIC_9711814,0
943,ISIC_3213469,0
944,ISIC_0190870,0
945,ISIC_7119225,0
946,ISIC_1400825,0
947,ISIC_3108166,0
948,ISIC_9659443,0
949,ISIC_6970607,0
950,ISIC_5688051,0
951,ISIC_4880652,0
952,ISIC_4506190,0
953,ISIC_4516437,0
954,ISIC_6003763,0
955,ISIC_4016784,0
956,ISIC_8979275,0
957,ISIC_3216146,0
958,ISIC_5370367,0
959,ISIC_0969561,0
960,ISIC_8255057,0
961,ISIC_9264993,0
962,ISIC_6354541,0
963,ISIC_9704624,0
964,ISIC_8111958,0
965,ISIC_0566804,0
966,ISIC_4597598,0
967,ISIC_8276321,0
968,ISIC_5256576,0
969,ISIC_4434221,0
970,ISIC_7103896,0
971,ISIC_9044329,0
972,ISIC_4511841,0
973,ISIC_3167315,0
974,ISIC_7229814,0
975,ISIC_8668448,0
976,ISIC_5654651,0
977,ISIC_2048638,0
978,ISIC_4648901,0
979,ISIC_6618943,0
980,ISIC_7723852,0
981,ISIC_4954719,0
982,ISIC_9718736,0
983,ISIC_4858099,0
984,ISIC_2241388,0
985,ISIC_6477782,0
986,ISIC_8755163,0
987,ISIC_2817153,0
988,ISIC_3085239,0
989,ISIC_4550251,0
990,ISIC_7520581,0
991,ISIC_2104877,0
992,ISIC_1390987,0
993,ISIC_1934283,0
994,ISIC_9225210,0
995,ISIC_7821046,0
996,ISIC_7993301,0
997,ISIC_5354202,0
998,ISIC_6718077,0
999,ISIC_6548307,0
1000,ISIC_3772774,0
1001,ISIC_3499071,0
1002,ISIC_4932000,0
1003,ISIC_7798403,0
1004,ISIC_7154675,0
1005,ISIC_2410736,0
1006,ISIC_0091996,0
1007,ISIC_5717763,0
1008,ISIC_0788721,0
1009,ISIC_2171314,0
1010,ISIC_3923443,0
1011,ISIC_8273033,0
1012,ISIC_2628773,0
1013,ISIC_1571498,0
1014,ISIC_4404649,0
1015,ISIC_0179056,0
1016,ISIC_9957107,0
1017,ISIC_7687367,0
1018,ISIC_6856140,0
1019,ISIC_4702522,0
1020,ISIC_4071351,0
1021,ISIC_8883212,0
1022,ISIC_6507179,0
1023,ISIC_1392139,0
1024,ISIC_4101237,0
1025,ISIC_2396791,0
1026,ISIC_6293829,0
1027,ISIC_8225551,0
1028,ISIC_4365769,0
1029,ISIC_1033336,0
1030,ISIC_7109227,0
1031,ISIC_4752144,0
1032,ISIC_8027372,0
1033,ISIC_6941133,0
1034,ISIC_2398801,0
1035,ISIC_2725196,0
1036,ISIC_4340428,0
1037,ISIC_9196122,0
1038,ISIC_9445441,0
1039,ISIC_4399411,0
1040,ISIC_1595157,0
1041,ISIC_3038950,0
1042,ISIC_9160237,0
1043,ISIC_0215112,0
1044,ISIC_6668859,0
1045,ISIC_8971775,0
1046,ISIC_9247687,0
1047,ISIC_5582819,0
1048,ISIC_0294399,0
1049,ISIC_6289590,0
1050,ISIC_4768021,0
1051,ISIC_8020153,0
1052,ISIC_7115943,0
1053,ISIC_3104228,0
1054,ISIC_5416567,0
1055,ISIC_5930008,0
1056,ISIC_7983259,0
1057,ISIC_7975678,0
1058,ISIC_9877843,0
1059,ISIC_8253972,0
1060,ISIC_8027491,0
1061,ISIC_6641378,0
1062,ISIC_5927959,0
1063,ISIC_6615000,0
1064,ISIC_7980770,0
1065,ISIC_8967971,0
1066,ISIC_8531541,0
1067,ISIC_4083434,0
1068,ISIC_5189310,0
1069,ISIC_6875430,0
1070,ISIC_2254066,0
1071,ISIC_8418303,0
1072,ISIC_3487019,0
1073,ISIC_3292959,0
1074,ISIC_5209769,0
1075,ISIC_7202545,0
1076,ISIC_7801560,0
1077,ISIC_9684649,0
1078,ISIC_6483766,0
1079,ISIC_7514840,0
1080,ISIC_6682918,0
1081,ISIC_3515230,0
1082,ISIC_2355832,0
1083,ISIC_0654104,0
1084,ISIC_2471483,0
1085,ISIC_3017808,0
1086,ISIC_6779191,0
1087,ISIC_5858628,0
1088,ISIC_3590814,0
1089,ISIC_2871437,0
1090,ISIC_7538717,0
1091,ISIC_6647501,0
1092,ISIC_3809013,0
1093,ISIC_0657123,0
1094,ISIC_0086632,0
1095,ISIC_6154719,0
1096,ISIC_5317971,0
1097,ISIC_6919698,0
1098,ISIC_0659400,0
1099,ISIC_3965872,0
1100,ISIC_6353219,0
1101,ISIC_9024529,0
1102,ISIC_9908982,0
1103,ISIC_8808756,0
1104,ISIC_5452648,0
1105,ISIC_0533986,0
1106,ISIC_1546149,0
1107,ISIC_9906218,0
1108,ISIC_4206035,0
1109,ISIC_1704026,0
1110,ISIC_3729235,0
1111,ISIC_8152481,0
1112,ISIC_3146092,0
1113,ISIC_4129894,0
1114,ISIC_1546020,0
1115,ISIC_1766601,0
1116,ISIC_1083584,0
1117,ISIC_2046891,0
1118,ISIC_6773833,0
1119,ISIC_6020636,0
1120,ISIC_2908421,0
1121,ISIC_6069964,0
1122,ISIC_6562871,0
1123,ISIC_2968243,0
1124,ISIC_8700403,0
1125,ISIC_3451676,0
1126,ISIC_2808622,0
1127,ISIC_4596182,0
1128,ISIC_2821580,0
1129,ISIC_6557781,0
1130,ISIC_9629024,0
1131,ISIC_5497851,0
1132,ISIC_2669526,0
1133,ISIC_2541375,0
1134,ISIC_9895220,0
1135,ISIC_6808583,0
1136,ISIC_9740701,0
1137,ISIC_3577733,0
1138,ISIC_2644988,0
1139,ISIC_3908914,0
1140,ISIC_5349456,0
1141,ISIC_6600225,0
1142,ISIC_9437789,0
1143,ISIC_3996640,0
1144,ISIC_0519386,0
1145,ISIC_2489146,0
1146,ISIC_0903330,0
1147,ISIC_1722135,0
1148,ISIC_5653189,0
1149,ISIC_0540848,0
1150,ISIC_3858405,0
1151,ISIC_2461360,0
1152,ISIC_9200085,0
1153,ISIC_8153953,0
1154,ISIC_9484736,0
1155,ISIC_0988712,0
1156,ISIC_9402810,0
1157,ISIC_8782954,0
1158,ISIC_6899397,0
1159,ISIC_6150014,0
1160,ISIC_3592584,0
1161,ISIC_1884256,0
1162,ISIC_8114263,0
1163,ISIC_9228729,0
1164,ISIC_8223466,0
1165,ISIC_9441942,0
1166,ISIC_8823875,0
1167,ISIC_5155692,0
1168,ISIC_0944828,0
1169,ISIC_3553089,0
1170,ISIC_8409475,0
1171,ISIC_2500433,0
1172,ISIC_1750424,0
1173,ISIC_8492957,0
1174,ISIC_1101631,0
1175,ISIC_9395707,0
1176,ISIC_4965526,0
1177,ISIC_4367789,0
1178,ISIC_5110209,0
1179,ISIC_1200819,0
1180,ISIC_2472177,0
1181,ISIC_3183946,0
1182,ISIC_0924215,0
1183,ISIC_2700247,0
1184,ISIC_5193810,0
1185,ISIC_1362265,0
1186,ISIC_6265613,0
1187,ISIC_8237358,0
1188,ISIC_7856796,0
1189,ISIC_4057256,0
1190,ISIC_0805464,0
1191,ISIC_4998535,0
1192,ISIC_8550301,0
1193,ISIC_0627369,0
1194,ISIC_9760652,0
1195,ISIC_9742104,0
1196,ISIC_7291021,0
1197,ISIC_5623327,0
1198,ISIC_8264021,0
1199,ISIC_4155471,0
1200,ISIC_3980006,0
1201,ISIC_8757664,0
1202,ISIC_2070085,0
1203,ISIC_0220461,0
1204,ISIC_6982211,0
1205,ISIC_0235728,0
1206,ISIC_1138872,0
1207,ISIC_1445957,0
1208,ISIC_2354133,0
1209,ISIC_0885166,0
1210,ISIC_0464836,0
1211,ISIC_0380954,0
1212,ISIC_9643132,0
1213,ISIC_2030997,0
1214,ISIC_3775365,0
1215,ISIC_2636628,0
1216,ISIC_2066616,0
1217,ISIC_5802598,0
1218,ISIC_9214448,0
1219,ISIC_6544382,0
1220,ISIC_1793200,0
1221,ISIC_6000407,0
1222,ISIC_4162336,0
1223,ISIC_3432650,0
1224,ISIC_8047316,0
1225,ISIC_6062536,0
1226,ISIC_7149484,0
1227,ISIC_8059590,0
1228,ISIC_3378194,0
1229,ISIC_6779136,0
1230,ISIC_4110296,0
1231,ISIC_0218072,0
1232,ISIC_2080947,0
1233,ISIC_4477481,0
1234,ISIC_8432621,0
1235,ISIC_9544059,0
1236,ISIC_9162798,0
1237,ISIC_7171799,0
1238,ISIC_0694924,0
1239,ISIC_6765909,0
1240,ISIC_7763345,0
1241,ISIC_0317589,0
1242,ISIC_1159177,0
1243,ISIC_1633379,0
1244,ISIC_8517305,0
1245,ISIC_9956400,0
1246,ISIC_5303829,0
1247,ISIC_6276646,0
1248,ISIC_9665763,0
1249,ISIC_5342109,0
1250,ISIC_9590900,0
1251,ISIC_7671251,0
1252,ISIC_1073233,0
1253,ISIC_0963460,0
1254,ISIC_4653073,0
1255,ISIC_1260515,0
1256,ISIC_6024691,0
1257,ISIC_9445196,0
1258,ISIC_6687321,0
1259,ISIC_2872769,0
1260,ISIC_7431480,0
1261,ISIC_6092911,0
1262,ISIC_5132536,0
1263,ISIC_4400186,0
1264,ISIC_7128019,0
1265,ISIC_5723389,0
1266,ISIC_4256214,0
1267,ISIC_3674856,0
1268,ISIC_2792035,0
1269,ISIC_7748144,0
1270,ISIC_9405838,0
1271,ISIC_2762298,0
1272,ISIC_5476174,0
1273,ISIC_1470271,0
1274,ISIC_8010113,0
1275,ISIC_6293227,0
1276,ISIC_5628322,0
1277,ISIC_1511661,0
1278,ISIC_4782920,0
1279,ISIC_7486656,0
1280,ISIC_3479948,0
1281,ISIC_6405981,0
1282,ISIC_2192973,0
1283,ISIC_8896239,0
1284,ISIC_9789769,0
1285,ISIC_8028126,0
1286,ISIC_1272961,0
1287,ISIC_7571140,0
1288,ISIC_3787339,0
1289,ISIC_4060016,0
1290,ISIC_9780031,0
1291,ISIC_4156010,0
1292,ISIC_0535416,0
1293,ISIC_4422302,0
1294,ISIC_9572651,0
1295,ISIC_2114522,0
1296,ISIC_1100216,0
1297,ISIC_2961141,0
1298,ISIC_3779093,0
1299,ISIC_1371195,0
1300,ISIC_0204275,0
1301,ISIC_3301263,0
1302,ISIC_3626079,0
1303,ISIC_2079078,0
1304,ISIC_5679942,0
1305,ISIC_8418610,0
1306,ISIC_2068866,0
1307,ISIC_7784703,0
1308,ISIC_9461926,0
1309,ISIC_4965850,0
1310,ISIC_5473807,0
1311,ISIC_1833122,0
1312,ISIC_5009085,0
1313,ISIC_8164587,0
1314,ISIC_9978328,0
1315,ISIC_6947870,0
1316,ISIC_4787852,0
1317,ISIC_1590877,0
1318,ISIC_8871081,0
1319,ISIC_6250214,0
1320,ISIC_0254517,0
1321,ISIC_4281858,0
1322,ISIC_2019386,0
1323,ISIC_2898886,0
1324,ISIC_0378169,0
1325,ISIC_6856867,0
1326,ISIC_4270738,0
1327,ISIC_3806226,0
1328,ISIC_9136435,0
1329,ISIC_0371772,0
1330,ISIC_1466047,0
1331,ISIC_0196273,0
1332,ISIC_6624321,0
1333,ISIC_4797654,0
1334,ISIC_3098342,0
1335,ISIC_5576986,0
1336,ISIC_8295152,0
1337,ISIC_1531548,0
1338,ISIC_8503192,0
1339,ISIC_5380145,0
1340,ISIC_1462996,0
1341,ISIC_4700970,0
1342,ISIC_3833310,0
1343,ISIC_9199158,0
1344,ISIC_1467430,0
1345,ISIC_3115327,0
1346,ISIC_0828475,0
1347,ISIC_7938688,0
1348,ISIC_5051907,0
1349,ISIC_0226072,0
1350,ISIC_4474352,0
1351,ISIC_3470824,0
1352,ISIC_7189455,0
1353,ISIC_5399150,0
1354,ISIC_5203791,0
1355,ISIC_5038963,0
1356,ISIC_3522874,0
1357,ISIC_6057455,0
1358,ISIC_4369062,0
1359,ISIC_7914181,0
1360,ISIC_4962288,0
1361,ISIC_4234271,0
1362,ISIC_9107663,0
1363,ISIC_9867577,0
1364,ISIC_6469507,0
1365,ISIC_0341159,0
1366,ISIC_0771953,0
1367,ISIC_4521497,0
1368,ISIC_5331204,0
1369,ISIC_9852341,0
1370,ISIC_5881871,0
1371,ISIC_6469759,0
1372,ISIC_3312241,0
1373,ISIC_2594901,0
1374,ISIC_1453146,0
1375,ISIC_5597530,0
1376,ISIC_0249560,0
1377,ISIC_1686556,0
1378,ISIC_1985824,0
1379,ISIC_7406107,0
1380,ISIC_4800479,0
1381,ISIC_4904364,0
1382,ISIC_7746479,0
1383,ISIC_0482585,0
1384,ISIC_6619258,0
1385,ISIC_4905126,0
1386,ISIC_5097947,0
1387,ISIC_6156296,0
1388,ISIC_0510835,0
1389,ISIC_0447631,0
1390,ISIC_7164403,0
1391,ISIC_7901002,0
1392,ISIC_5709790,0
1393,ISIC_7456581,0
1394,ISIC_5637150,0
1395,ISIC_0202120,0
1396,ISIC_9867744,0
1397,ISIC_9038698,0
1398,ISIC_2147395,0
1399,ISIC_3086579,0
1400,ISIC_0440394,0
1401,ISIC_1007608,0
1402,ISIC_7275674,0
1403,ISIC_1990651,0
1404,ISIC_1396321,0
1405,ISIC_7180943,0
1406,ISIC_9859708,0
1407,ISIC_4232726,0
1408,ISIC_9076021,0
1409,ISIC_2976115,0
1410,ISIC_9142818,0
1411,ISIC_6045298,0
1412,ISIC_5485674,0
1413,ISIC_7387265,0
1414,ISIC_9114776,0
1415,ISIC_7478378,0
1416,ISIC_8546323,0
1417,ISIC_5803529,0
1418,ISIC_6184478,0
1419,ISIC_3922238,0
1420,ISIC_6367773,0
1421,ISIC_3255000,0
1422,ISIC_2600152,0
1423,ISIC_1048741,0
1424,ISIC_3028705,0
1425,ISIC_9080990,0
1426,ISIC_6746168,0
1427,ISIC_2874218,0
1428,ISIC_5474797,0
1429,ISIC_2646761,0
1430,ISIC_1368313,0
1431,ISIC_1233068,0
1432,ISIC_6858892,0
1433,ISIC_1745458,0
1434,ISIC_4452285,0
1435,ISIC_3807176,0
1436,ISIC_9711851,0
1437,ISIC_5454766,0
1438,ISIC_9333573,0
1439,ISIC_8537867,0
1440,ISIC_3241555,0
1441,ISIC_7495148,0
1442,ISIC_3578989,0
1443,ISIC_4411874,0
1444,ISIC_9765024,0
1445,ISIC_2641026,0
1446,ISIC_3979225,0
1447,ISIC_4227174,0
1448,ISIC_6710082,0
1449,ISIC_9245103,0
1450,ISIC_0782037,0
1451,ISIC_7832323,0
1452,ISIC_7029652,0
1453,ISIC_2676784,0
1454,ISIC_8577523,0
1455,ISIC_2681497,0
1456,ISIC_0387297,0
1457,ISIC_0494257,0
1458,ISIC_7311305,0
1459,ISIC_9960804,0
1460,ISIC_9959593,0
1461,ISIC_0183925,0
1462,ISIC_8065721,0
1463,ISIC_2176370,0
1464,ISIC_6522875,0
1465,ISIC_2238376,0
1466,ISIC_5042077,0
1467,ISIC_7963451,0
1468,ISIC_2718684,0
1469,ISIC_2007864,0
1470,ISIC_9889052,0
1471,ISIC_6268691,0
1472,ISIC_5704793,0
1473,ISIC_3515162,0
1474,ISIC_5994007,0
1475,ISIC_3654454,0
1476,ISIC_8089369,0
1477,ISIC_9169000,0
1478,ISIC_3350388,0
1479,ISIC_5634181,0
1480,ISIC_1642131,0
1481,ISIC_0977333,0
1482,ISIC_7784090,0
1483,ISIC_1171646,0
1484,ISIC_9776608,0
1485,ISIC_6038490,0
1486,ISIC_8661536,0
1487,ISIC_7060964,0
1488,ISIC_9422630,0
1489,ISIC_2399253,0
1490,ISIC_2066146,0
1491,ISIC_3474472,0
1492,ISIC_7696538,0
1493,ISIC_5958657,0
1494,ISIC_3314594,0
1495,ISIC_4842241,0
1496,ISIC_1440063,0
1497,ISIC_2690733,0
1498,ISIC_9734174,0
1499,ISIC_1823608,0
1500,ISIC_9590141,0
1501,ISIC_3145134,0
1502,ISIC_2031794,0
1503,ISIC_1884710,0
1504,ISIC_6552552,0
1505,ISIC_7549398,0
1506,ISIC_9115256,0
1507,ISIC_8545141,0
1508,ISIC_5047865,0
1509,ISIC_9848743,0
1510,ISIC_7332326,0
1511,ISIC_2377292,0
1512,ISIC_4174479,0
1513,ISIC_8065339,0
1514,ISIC_3763248,0
1515,ISIC_7685853,0
1516,ISIC_4956861,0
1517,ISIC_8135849,0
1518,ISIC_8106591,0
1519,ISIC_6483504,0
1520,ISIC_9699238,0
1521,ISIC_6218727,0
1522,ISIC_8899352,0
1523,ISIC_1048913,0
1524,ISIC_6085739,0
1525,ISIC_8826289,0
1526,ISIC_4668001,0
1527,ISIC_7459465,0
1528,ISIC_5291255,0
1529,ISIC_9800424,0
1530,ISIC_6265890,0
1531,ISIC_0678913,0
1532,ISIC_4971739,0
1533,ISIC_4973549,0
1534,ISIC_8612422,0
1535,ISIC_7490776,0
1536,ISIC_0492862,0
1537,ISIC_2664946,0
1538,ISIC_5770437,0
1539,ISIC_6625253,0
1540,ISIC_3199821,0
1541,ISIC_9136827,0
1542,ISIC_5860849,0
1543,ISIC_2357533,0
1544,ISIC_2739547,0
1545,ISIC_4039290,0
1546,ISIC_5028612,0
1547,ISIC_0651741,0
1548,ISIC_7452515,0
1549,ISIC_9187978,0
1550,ISIC_8973278,0
1551,ISIC_0361034,0
1552,ISIC_4046045,0
1553,ISIC_5163523,0
1554,ISIC_2685628,0
1555,ISIC_1021883,0
1556,ISIC_6339509,0
1557,ISIC_1367357,0
1558,ISIC_5555694,0
1559,ISIC_4792415,0
1560,ISIC_4601381,0
1561,ISIC_2872765,0
1562,ISIC_2334293,0
1563,ISIC_5340000,0
1564,ISIC_6522126,0
1565,ISIC_3034292,0
1566,ISIC_4305845,0
1567,ISIC_2940684,0
1568,ISIC_3008399,0
1569,ISIC_2936321,0
1570,ISIC_9095975,0
1571,ISIC_9161341,0
1572,ISIC_5117209,0
1573,ISIC_8114502,0
1574,ISIC_8864811,0
1575,ISIC_9973322,0
1576,ISIC_7512268,0
1577,ISIC_4686317,0
1578,ISIC_6165325,0
1579,ISIC_9242193,0
1580,ISIC_6487069,0
1581,ISIC_7248532,0
1582,ISIC_2327393,0
1583,ISIC_6208944,0
1584,ISIC_1213493,0
1585,ISIC_7342741,0
1586,ISIC_0851556,0
1587,ISIC_3873580,0
1588,ISIC_4189111,0
1589,ISIC_6331674,0
1590,ISIC_3092441,0
1591,ISIC_6204286,0
1592,ISIC_2918128,0
1593,ISIC_5827477,0
1594,ISIC_6865639,0
1595,ISIC_9978282,0
1596,ISIC_9218984,0
1597,ISIC_8816494,0
1598,ISIC_2306330,0
1599,ISIC_5218561,0
1600,ISIC_0766935,0
1601,ISIC_5613297,0
1602,ISIC_4428309,0
1603,ISIC_1755019,0
1604,ISIC_8021069,0
1605,ISIC_4254687,0
1606,ISIC_3756823,0
1607,ISIC_9184450,0
1608,ISIC_3206697,0
1609,ISIC_0290881,0
1610,ISIC_8783000,0
1611,ISIC_2199969,0
1612,ISIC_8219096,0
1613,ISIC_3380212,0
1614,ISIC_6124436,0
1615,ISIC_5459997,0
1616,ISIC_6843406,0
1617,ISIC_7020708,0
1618,ISIC_7610075,0
1619,ISIC_9180333,0
1620,ISIC_1741219,0
1621,ISIC_4871936,0
1622,ISIC_7937728,0
1623,ISIC_3964321,0
1624,ISIC_0934204,0
1625,ISIC_8039519,0
1626,ISIC_8668954,0
1627,ISIC_7834330,0
1628,ISIC_2298329,0
1629,ISIC_6553041,0
1630,ISIC_6573518,0
1631,ISIC_2999582,0
1632,ISIC_4347161,0
1633,ISIC_5678799,0
1634,ISIC_3596336,0
1635,ISIC_3242493,0
1636,ISIC_6639111,0
1637,ISIC_5409858,0
1638,ISIC_0370932,0
1639,ISIC_9876515,0
1640,ISIC_0924902,0
1641,ISIC_7815762,0
1642,ISIC_7446443,0
1643,ISIC_5075232,0
1644,ISIC_4738641,0
1645,ISIC_7073459,0
1646,ISIC_5435067,0
1647,ISIC_2179001,0
1648,ISIC_6352963,0
1649,ISIC_7204370,0
1650,ISIC_1067390,0
1651,ISIC_0645834,0
1652,ISIC_2109766,0
1653,ISIC_3777798,0
1654,ISIC_6374821,0
1655,ISIC_8357415,0
1656,ISIC_4000690,0
1657,ISIC_6590864,0
1658,ISIC_5970338,0
1659,ISIC_9099188,0
1660,ISIC_0966987,0
1661,ISIC_8823566,0
1662,ISIC_8247761,0
1663,ISIC_4363557,0
1664,ISIC_4596231,0
1665,ISIC_6354666,0
1666,ISIC_5148722,0
1667,ISIC_2804780,0
1668,ISIC_9199965,0
1669,ISIC_3445468,0
1670,ISIC_4084523,0
1671,ISIC_4505852,0
1672,ISIC_3768097,0
1673,ISIC_2093167,0
1674,ISIC_6553389,0
1675,ISIC_0821520,0
1676,ISIC_9117456,0
1677,ISIC_5170766,0
1678,ISIC_7488800,0
1679,ISIC_3302777,0
1680,ISIC_6927363,0
1681,ISIC_0483289,0
1682,ISIC_4601046,0
1683,ISIC_7830880,0
1684,ISIC_7767248,0
1685,ISIC_5824656,0
1686,ISIC_4424729,0
1687,ISIC_8889856,0
1688,ISIC_6083729,0
1689,ISIC_1684948,0
1690,ISIC_3481318,0
1691,ISIC_5589185,0
1692,ISIC_3593913,0
1693,ISIC_5219705,0
1694,ISIC_1980878,0
1695,ISIC_8657381,0
1696,ISIC_8065962,0
1697,ISIC_3046905,0
1698,ISIC_9374111,0
1699,ISIC_3139994,0
1700,ISIC_6793721,0
1701,ISIC_3238925,0
1702,ISIC_2142639,0
1703,ISIC_4833061,0
1704,ISIC_4247289,0
1705,ISIC_9404190,0
1706,ISIC_0828916,0
1707,ISIC_5998513,0
1708,ISIC_8053432,0
1709,ISIC_3017950,0
1710,ISIC_2114240,0
1711,ISIC_7456891,0
1712,ISIC_3948906,0
1713,ISIC_6968835,0
1714,ISIC_6559979,0
1715,ISIC_6533176,0
1716,ISIC_6006658,0
1717,ISIC_8650478,0
1718,ISIC_1163258,0
1719,ISIC_3655327,0
1720,ISIC_4604654,0
1721,ISIC_6590554,0
1722,ISIC_7536256,0
1723,ISIC_3264096,0
1724,ISIC_9913091,0
1725,ISIC_2234023,0
1726,ISIC_5675123,0
1727,ISIC_1234240,0
1728,ISIC_1326366,0
1729,ISIC_2159525,0
1730,ISIC_9887341,0
1731,ISIC_7654211,0
1732,ISIC_6521870,0
1733,ISIC_4819371,0
1734,ISIC_4778171,0
1735,ISIC_2513933,0
1736,ISIC_0702042,0
1737,ISIC_3042818,0
1738,ISIC_5737759,0
1739,ISIC_5069292,0
1740,ISIC_7558638,0
1741,ISIC_1075968,0
1742,ISIC_2380341,0
1743,ISIC_9405920,0
1744,ISIC_7826983,0
1745,ISIC_0694188,0
1746,ISIC_1859923,0
1747,ISIC_4647804,0
1748,ISIC_3852802,0
1749,ISIC_8591425,0
1750,ISIC_5902741,0
1751,ISIC_7491280,0
1752,ISIC_0485529,0
1753,ISIC_7556341,0
1754,ISIC_6238658,0
1755,ISIC_4349724,0
1756,ISIC_9414374,0
1757,ISIC_1450474,0
1758,ISIC_1117369,0
1759,ISIC_5499474,0
1760,ISIC_5041679,0
1761,ISIC_4319958,0
1762,ISIC_1675915,0
1763,ISIC_3160224,0
1764,ISIC_2432948,0
1765,ISIC_1415237,0
1766,ISIC_6232830,0
1767,ISIC_9713363,0
1768,ISIC_0476606,0
1769,ISIC_9161105,0
1770,ISIC_0787745,0
1771,ISIC_4718313,0
1772,ISIC_5316258,0
1773,ISIC_2000959,0
1774,ISIC_1788979,0
1775,ISIC_8214287,0
1776,ISIC_8212696,0
1777,ISIC_1902764,0
1778,ISIC_6486856,0
1779,ISIC_1384413,0
1780,ISIC_5563844,0
1781,ISIC_4023381,0
1782,ISIC_6795790,0
1783,ISIC_2353735,0
1784,ISIC_9814041,0
1785,ISIC_6847965,0
1786,ISIC_3307352,0
1787,ISIC_9828463,0
1788,ISIC_3582969,0
1789,ISIC_1655590,0
1790,ISIC_2421521,0
1791,ISIC_8654113,0
1792,ISIC_2049142,0
1793,ISIC_0614681,0
1794,ISIC_7185381,0
1795,ISIC_6114646,0
1796,ISIC_0850065,0
1797,ISIC_5569497,0
1798,ISIC_3914517,0
1799,ISIC_3454208,0
1800,ISIC_1784613,0
1801,ISIC_8633132,0
1802,ISIC_6341033,0
1803,ISIC_8690205,0
1804,ISIC_2616719,0
1805,ISIC_2148360,0
1806,ISIC_4657838,0
1807,ISIC_1772660,0
1808,ISIC_7291399,0
1809,ISIC_7784881,0
1810,ISIC_5531886,0
1811,ISIC_5077664,0
1812,ISIC_9230809,0
1813,ISIC_5071555,0
1814,ISIC_7578777,0
1815,ISIC_5462334,0
1816,ISIC_8715332,0
1817,ISIC_4083947,0
1818,ISIC_8331313,0
1819,ISIC_6530659,0
1820,ISIC_2795016,0
1821,ISIC_7139803,0
1822,ISIC_6721919,0
1823,ISIC_1463406,0
1824,ISIC_4207079,0
1825,ISIC_7246096,0
1826,ISIC_9429774,0
1827,ISIC_5272953,0
1828,ISIC_6416559,0
1829,ISIC_1008321,0
1830,ISIC_1719433,0
1831,ISIC_9278139,0
1832,ISIC_5197473,0
1833,ISIC_6984247,0
1834,ISIC_3238064,0
1835,ISIC_6203936,0
1836,ISIC_6865997,0
1837,ISIC_7517082,0
1838,ISIC_1832110,0
1839,ISIC_5408967,0
1840,ISIC_2122918,0
1841,ISIC_2694059,0
1842,ISIC_2909958,0
1843,ISIC_3506674,0
1844,ISIC_5689730,0
1845,ISIC_5855400,0
1846,ISIC_2358220,0
1847,ISIC_3704722,0
1848,ISIC_1836352,0
1849,ISIC_6033220,0
1850,ISIC_6447071,0
1851,ISIC_6058127,0
1852,ISIC_3689907,0
1853,ISIC_0334024,0
1854,ISIC_7027424,0
1855,ISIC_6548474,0
1856,ISIC_3401631,0
1857,ISIC_4856892,0
1858,ISIC_2759834,0
1859,ISIC_9387345,0
1860,ISIC_9595835,0
1861,ISIC_7631880,0
1862,ISIC_4812480,0
1863,ISIC_1416995,0
1864,ISIC_2689731,0
1865,ISIC_1271157,0
1866,ISIC_9223679,0
1867,ISIC_6782248,0
1868,ISIC_0845791,0
1869,ISIC_9441123,0
1870,ISIC_4859456,0
1871,ISIC_2182839,0
1872,ISIC_4044751,0
1873,ISIC_6771825,0
1874,ISIC_0292775,0
1875,ISIC_1676778,0
1876,ISIC_7293761,0
1877,ISIC_2278564,0
1878,ISIC_6330808,0
1879,ISIC_3241558,0
1880,ISIC_3510802,0
1881,ISIC_1617282,0
1882,ISIC_2472214,0
1883,ISIC_5565053,0
1884,ISIC_0911448,0
1885,ISIC_9057326,0
1886,ISIC_9207161,0
1887,ISIC_4931777,0
1888,ISIC_8652341,0
1889,ISIC_1124696,0
1890,ISIC_0527870,0
1891,ISIC_5894728,0
1892,ISIC_5888971,0
1893,ISIC_5789052,0
1894,ISIC_8359258,0
1895,ISIC_2197398,0
1896,ISIC_2946202,0
1897,ISIC_0911989,0
1898,ISIC_5552066,0
1899,ISIC_2586708,0
1900,ISIC_3066296,0
1901,ISIC_5096132,0
1902,ISIC_0584130,0
1903,ISIC_8287726,0
1904,ISIC_4969320,0
1905,ISIC_0462956,0
1906,ISIC_2882129,0
1907,ISIC_1094844,0
1908,ISIC_3804858,0
1909,ISIC_9031366,0
1910,ISIC_0515441,0
1911,ISIC_3744503,0
1912,ISIC_7499769,0
1913,ISIC_9499185,0
1914,ISIC_0808108,0
1915,ISIC_5465724,0
1916,ISIC_8276999,0
1917,ISIC_7911353,0
1918,ISIC_3575926,0
1919,ISIC_9605236,0
1920,ISIC_0439839,0
1921,ISIC_8971387,0
1922,ISIC_7429745,0
1923,ISIC_5592633,0
1924,ISIC_1175291,0
1925,ISIC_2616343,0
1926,ISIC_0388873,0
1927,ISIC_5707528,0
1928,ISIC_3487418,0
1929,ISIC_2332858,0
1930,ISIC_4569383,0
1931,ISIC_7492374,0
1932,ISIC_1107954,0
1933,ISIC_4730433,0
1934,ISIC_2679262,0
1935,ISIC_4637479,0
1936,ISIC_6058822,0
1937,ISIC_7991932,0
1938,ISIC_6565033,0
1939,ISIC_8264436,0
1940,ISIC_0817140,0
1941,ISIC_0413715,0
1942,ISIC_6870407,0
1943,ISIC_1888761,0
1944,ISIC_8368872,0
1945,ISIC_9617738,0
1946,ISIC_8894948,0
1947,ISIC_5192265,0
1948,ISIC_8039056,0
1949,ISIC_8891637,0
1950,ISIC_4244697,0
1951,ISIC_1277620,0
1952,ISIC_3008539,0
1953,ISIC_0940385,0
1954,ISIC_8456171,0
1955,ISIC_8675566,0
1956,ISIC_8591692,0
1957,ISIC_5196005,0
1958,ISIC_9083443,0
1959,ISIC_3702457,0
1960,ISIC_2320823,0
1961,ISIC_7927285,0
1962,ISIC_3628451,0
1963,ISIC_0299242,0
1964,ISIC_8901419,0
1965,ISIC_4540332,0
1966,ISIC_9567694,0
1967,ISIC_0302441,0
1968,ISIC_1826094,0
1969,ISIC_4468474,0
1970,ISIC_4300178,0
1971,ISIC_5190562,0
1972,ISIC_1636996,0
1973,ISIC_4805931,0
1974,ISIC_5725572,0
1975,ISIC_0922292,0
1976,ISIC_2207693,0
1977,ISIC_8348712,0
1978,ISIC_2978336,0
1979,ISIC_8348490,0
1980,ISIC_5148961,0
1981,ISIC_4325155,0
1982,ISIC_8707477,0
1983,ISIC_9319716,0
1984,ISIC_8519725,0
1985,ISIC_7426927,0
1986,ISIC_1618305,0
1987,ISIC_7777176,0
1988,ISIC_8357442,0
1989,ISIC_1535915,0
1990,ISIC_6266268,0
1991,ISIC_6342224,0
1992,ISIC_5776158,0
1993,ISIC_5123817,0
1994,ISIC_4144198,0
1995,ISIC_1746873,0
1996,ISIC_0086709,0
1997,ISIC_6340022,0
1998,ISIC_3919941,0
1999,ISIC_7382594,0
2000,ISIC_1396857,0
2001,ISIC_3734889,0
2002,ISIC_2701627,0
2003,ISIC_6630570,0
2004,ISIC_5410481,0
2005,ISIC_9105176,0
2006,ISIC_7920019,0
2007,ISIC_7363187,0
2008,ISIC_7342636,0
2009,ISIC_8981700,0
2010,ISIC_9018338,0
2011,ISIC_1672821,0
2012,ISIC_7768915,0
2013,ISIC_8151991,0
2014,ISIC_8608794,0
2015,ISIC_8661039,0
2016,ISIC_1993529,0
2017,ISIC_7619734,0
2018,ISIC_8904639,0
2019,ISIC_9108776,0
2020,ISIC_4764292,0
2021,ISIC_6298228,0
2022,ISIC_6138576,0
2023,ISIC_1274550,0
2024,ISIC_9839042,0
2025,ISIC_5539077,0
2026,ISIC_9660555,0
2027,ISIC_6889965,0
2028,ISIC_6166810,0
2029,ISIC_2902504,0
2030,ISIC_2563840,0
2031,ISIC_6489678,0
2032,ISIC_8455853,0
2033,ISIC_0260290,0
2034,ISIC_3211246,0
2035,ISIC_9330083,0
2036,ISIC_0900216,0
2037,ISIC_5248948,0
2038,ISIC_9025923,0
2039,ISIC_4593940,0
2040,ISIC_1276130,0
2041,ISIC_9258579,0
2042,ISIC_5092834,0
2043,ISIC_8158805,0
2044,ISIC_9035181,0
2045,ISIC_5627269,0
2046,ISIC_6926620,0
2047,ISIC_2920639,0
2048,ISIC_1264993,0
2049,ISIC_6787039,0
2050,ISIC_8843217,0
2051,ISIC_8404358,0
2052,ISIC_4993799,0
2053,ISIC_0262276,0
2054,ISIC_8849004,0
2055,ISIC_0212774,0
2056,ISIC_9242141,0
2057,ISIC_1861662,0
2058,ISIC_4358017,0
2059,ISIC_0969178,0
2060,ISIC_8475025,0
2061,ISIC_5722465,0
2062,ISIC_8125621,0
2063,ISIC_2334595,0
2064,ISIC_5015391,0
2065,ISIC_9147785,0
2066,ISIC_3129999,0
2067,ISIC_7714981,0
2068,ISIC_8171932,0
2069,ISIC_0338377,0
2070,ISIC_5670605,0
2071,ISIC_9871904,0
2072,ISIC_3869717,0
2073,ISIC_1093722,0
2074,ISIC_4462870,0
2075,ISIC_9839324,0
2076,ISIC_8612888,0
2077,ISIC_4638628,0
2078,ISIC_6320012,0
2079,ISIC_1290821,0
2080,ISIC_1140410,0
2081,ISIC_5965968,0
2082,ISIC_0164603,0
2083,ISIC_8871461,0
2084,ISIC_2486651,0
2085,ISIC_7564545,0
2086,ISIC_0872145,0
2087,ISIC_7113136,0
2088,ISIC_4635151,0
2089,ISIC_3695494,0
2090,ISIC_5903054,0
2091,ISIC_0945844,0
2092,ISIC_1812944,0
2093,ISIC_3428894,0
2094,ISIC_0962787,0
2095,ISIC_3355267,0
2096,ISIC_8136014,0
2097,ISIC_8942401,0
2098,ISIC_7412559,0
2099,ISIC_9141416,0
2100,ISIC_1153106,0
2101,ISIC_6108555,0
2102,ISIC_8894528,0
2103,ISIC_8414396,0
2104,ISIC_9590068,0
2105,ISIC_5173343,0
2106,ISIC_1611285,0
2107,ISIC_0208967,0
2108,ISIC_8875257,0
2109,ISIC_5118254,0
2110,ISIC_8439888,0
2111,ISIC_6213445,0
2112,ISIC_2217550,0
2113,ISIC_6786991,0
2114,ISIC_6399923,0
2115,ISIC_7681490,0
2116,ISIC_8272138,0
2117,ISIC_4780541,0
2118,ISIC_5048571,0
2119,ISIC_4111600,0
2120,ISIC_5736595,0
2121,ISIC_9143744,0
2122,ISIC_3013468,0
2123,ISIC_8679617,0
2124,ISIC_2500087,0
2125,ISIC_1270307,0
2126,ISIC_7711688,0
2127,ISIC_5997381,0
2128,ISIC_6184190,0
2129,ISIC_8043960,0
2130,ISIC_6590463,0
2131,ISIC_7059544,0
2132,ISIC_5923484,0
2133,ISIC_5532861,0
2134,ISIC_9159730,0
2135,ISIC_0721010,0
2136,ISIC_8626941,0
2137,ISIC_2452083,0
2138,ISIC_5930885,0
2139,ISIC_2300279,0
2140,ISIC_3564897,0
2141,ISIC_8122480,0
2142,ISIC_8546049,0
2143,ISIC_4128342,0
2144,ISIC_2369713,0
2145,ISIC_2280085,0
2146,ISIC_5925471,0
2147,ISIC_7951995,0
2148,ISIC_4884879,0
2149,ISIC_4394163,0
2150,ISIC_5597282,0
2151,ISIC_6808788,0
2152,ISIC_6608618,0
2153,ISIC_1866662,0
2154,ISIC_3729749,0
2155,ISIC_4964586,0
2156,ISIC_7767350,0
2157,ISIC_4113197,0
2158,ISIC_8655308,0
2159,ISIC_3678730,0
2160,ISIC_7383521,0
2161,ISIC_4161256,0
2162,ISIC_0753491,0
2163,ISIC_9217405,0
2164,ISIC_2499559,0
2165,ISIC_2797695,0
2166,ISIC_3065175,0
2167,ISIC_5923940,0
2168,ISIC_0809173,0
2169,ISIC_3260571,0
2170,ISIC_4657728,0
2171,ISIC_4127065,0
2172,ISIC_8102676,0
2173,ISIC_6081901,0
2174,ISIC_2318850,0
2175,ISIC_1018102,0
2176,ISIC_5216976,0
2177,ISIC_1665248,0
2178,ISIC_0526705,0
2179,ISIC_5976617,0
2180,ISIC_9790808,0
2181,ISIC_9752880,0
2182,ISIC_9477825,0
2183,ISIC_5606360,0
2184,ISIC_5594342,0
2185,ISIC_4003722,0
2186,ISIC_5784712,0
2187,ISIC_0293409,0
2188,ISIC_5573733,0
2189,ISIC_4259290,0
2190,ISIC_4079345,0
2191,ISIC_7216346,0
2192,ISIC_3369408,0
2193,ISIC_3882247,0
2194,ISIC_2460823,0
2195,ISIC_5765481,0
2196,ISIC_6930828,0
2197,ISIC_8902868,0
2198,ISIC_9522255,0
2199,ISIC_1489934,0
2200,ISIC_2599331,0
2201,ISIC_2385847,0
2202,ISIC_2321092,0
2203,ISIC_4774143,0
2204,ISIC_7149353,0
2205,ISIC_1034411,0
2206,ISIC_9794738,0
2207,ISIC_3270588,0
2208,ISIC_1990046,0
2209,ISIC_4619889,0
2210,ISIC_0090279,0
2211,ISIC_3117977,0
2212,ISIC_5547318,0
2213,ISIC_2057990,0
2214,ISIC_0770861,0
2215,ISIC_2857027,0
2216,ISIC_8802922,0
2217,ISIC_0199719,0
2218,ISIC_3304982,0
2219,ISIC_0755565,0
2220,ISIC_7803948,0
2221,ISIC_1834652,0
2222,ISIC_5900778,0
2223,ISIC_5056768,0
2224,ISIC_0974233,0
2225,ISIC_5499139,0
2226,ISIC_1237271,0
2227,ISIC_4462681,0
2228,ISIC_8339129,0
2229,ISIC_7080584,0
2230,ISIC_1001562,0
2231,ISIC_1534800,0
2232,ISIC_9013998,0
2233,ISIC_8480641,0
2234,ISIC_4878779,0
2235,ISIC_7445800,0
2236,ISIC_1312208,0
2237,ISIC_2894223,0
2238,ISIC_3019041,0
2239,ISIC_8182123,0
2240,ISIC_3672435,0
2241,ISIC_7781801,0
2242,ISIC_4796032,0
2243,ISIC_4612744,0
2244,ISIC_8675233,0
2245,ISIC_8862455,0
2246,ISIC_8989572,0
2247,ISIC_1351604,0
2248,ISIC_1600554,0
2249,ISIC_3995777,0
2250,ISIC_0439452,0
2251,ISIC_5640863,0
2252,ISIC_3303730,0
2253,ISIC_2283151,0
2254,ISIC_1483604,0
2255,ISIC_1070631,0
2256,ISIC_8868666,0
2257,ISIC_9755946,0
2258,ISIC_1052782,0
2259,ISIC_4390848,0
2260,ISIC_5812931,0
2261,ISIC_7935528,0
2262,ISIC_9774132,0
2263,ISIC_0787229,0
2264,ISIC_1829654,0
2265,ISIC_6672519,0
2266,ISIC_7047780,0
2267,ISIC_2570767,0
2268,ISIC_2188566,0
2269,ISIC_9719213,0
2270,ISIC_4084359,0
2271,ISIC_2096695,0
2272,ISIC_3975427,0
2273,ISIC_6013764,0
2274,ISIC_8825407,0
2275,ISIC_1023685,0
2276,ISIC_1300318,0
2277,ISIC_3716504,0
2278,ISIC_8224270,0
2279,ISIC_3507446,0
2280,ISIC_0536104,0
2281,ISIC_5492318,0
2282,ISIC_6464152,0
2283,ISIC_0893996,0
2284,ISIC_4662418,0
2285,ISIC_6286876,0
2286,ISIC_8612113,0
2287,ISIC_3733131,0
2288,ISIC_7652731,0
2289,ISIC_1976571,0
2290,ISIC_8082147,0
2291,ISIC_9244393,0
2292,ISIC_0752546,0
2293,ISIC_3695597,0
2294,ISIC_0605128,0
2295,ISIC_3552696,0
2296,ISIC_6714006,0
2297,ISIC_7821579,0
2298,ISIC_3455331,0
2299,ISIC_6373500,0
2300,ISIC_8239034,0
2301,ISIC_9671143,0
2302,ISIC_9459936,0
2303,ISIC_7782502,0
2304,ISIC_3014965,0
2305,ISIC_7908954,0
2306,ISIC_8573647,0
2307,ISIC_1700687,0
2308,ISIC_2624460,0
2309,ISIC_9716370,0
2310,ISIC_7483552,0
2311,ISIC_4756979,0
2312,ISIC_4595555,0
2313,ISIC_1382763,0
2314,ISIC_2259986,0
2315,ISIC_6320876,0
2316,ISIC_1203983,0
2317,ISIC_1359387,0
2318,ISIC_1919829,0
2319,ISIC_9385014,0
2320,ISIC_0552953,0
2321,ISIC_2102371,0
2322,ISIC_0316788,0
2323,ISIC_2577938,0
2324,ISIC_1449915,0
2325,ISIC_0717497,0
2326,ISIC_9845258,0
2327,ISIC_4648604,0
2328,ISIC_2445910,0
2329,ISIC_5807112,0
2330,ISIC_5644039,0
2331,ISIC_3840133,0
2332,ISIC_1665735,0
2333,ISIC_3828346,0
2334,ISIC_0919396,0
2335,ISIC_9800980,0
2336,ISIC_8424785,0
2337,ISIC_1850251,0
2338,ISIC_4252887,0
2339,ISIC_3346045,0
2340,ISIC_9606109,0
2341,ISIC_5190837,0
2342,ISIC_9691303,0
2343,ISIC_8850826,0
2344,ISIC_0234038,0
2345,ISIC_4253581,0
2346,ISIC_1368367,0
2347,ISIC_0856633,0
2348,ISIC_0889205,0
2349,ISIC_8859475,0
2350,ISIC_4985037,0
2351,ISIC_2097704,0
2352,ISIC_7024161,0
2353,ISIC_6418515,0
2354,ISIC_5575021,0
2355,ISIC_0321114,0
2356,ISIC_8805730,0
2357,ISIC_2203247,0
2358,ISIC_7423852,0
2359,ISIC_2635492,0
2360,ISIC_9616071,0
2361,ISIC_1451530,0
2362,ISIC_3442536,0
2363,ISIC_4230496,0
2364,ISIC_1847556,0
2365,ISIC_4462821,0
2366,ISIC_3548927,0
2367,ISIC_3961101,0
2368,ISIC_4353963,0
2369,ISIC_2587465,0
2370,ISIC_2868741,0
2371,ISIC_7044032,0
2372,ISIC_5759754,0
2373,ISIC_3299685,0
2374,ISIC_0714807,0
2375,ISIC_7586566,0
2376,ISIC_0201689,0
2377,ISIC_5362925,0
2378,ISIC_0239597,0
2379,ISIC_5615050,0
2380,ISIC_1790549,0
2381,ISIC_1580022,0
2382,ISIC_5799433,0
2383,ISIC_7982468,0
2384,ISIC_5464206,0
2385,ISIC_7551178,0
2386,ISIC_7551447,0
2387,ISIC_5361285,0
2388,ISIC_3837741,0
2389,ISIC_8541533,0
2390,ISIC_7169011,0
2391,ISIC_5113684,0
2392,ISIC_5797404,0
2393,ISIC_7724039,0
2394,ISIC_5717378,0
2395,ISIC_4433552,0
2396,ISIC_7643396,0
2397,ISIC_8207186,0
2398,ISIC_6917681,0
2399,ISIC_5044479,0
2400,ISIC_8044983,0
2401,ISIC_4542225,0
2402,ISIC_8448473,0
2403,ISIC_6691962,0
2404,ISIC_6850647,0
2405,ISIC_5346936,0
2406,ISIC_9351418,0
2407,ISIC_5492778,0
2408,ISIC_9628600,0
2409,ISIC_8504517,0
2410,ISIC_9822350,0
2411,ISIC_6598023,0
2412,ISIC_3695190,0
2413,ISIC_2858957,0
2414,ISIC_5548608,0
2415,ISIC_5661725,0
2416,ISIC_1410927,0
2417,ISIC_8994812,0
2418,ISIC_0501843,0
2419,ISIC_8870048,0
2420,ISIC_9337870,0
2421,ISIC_0901012,0
2422,ISIC_7687848,0
2423,ISIC_7633247,0
2424,ISIC_8428997,0
2425,ISIC_4240898,0
2426,ISIC_3694194,0
2427,ISIC_5273359,0
2428,ISIC_7891992,0
2429,ISIC_1729039,0
2430,ISIC_1825481,0
2431,ISIC_6528650,0
2432,ISIC_4227624,0
2433,ISIC_1296663,0
2434,ISIC_0159996,0
2435,ISIC_5025675,0
2436,ISIC_2882462,0
2437,ISIC_8934691,0
2438,ISIC_8362043,0
2439,ISIC_4734627,0
2440,ISIC_3844439,0
2441,ISIC_1259590,0
2442,ISIC_5092484,0
2443,ISIC_5960608,0
2444,ISIC_8395902,0
2445,ISIC_5128589,0
2446,ISIC_7424320,0
2447,ISIC_5251830,0
2448,ISIC_5747681,0
2449,ISIC_2924346,0
2450,ISIC_3299433,0
2451,ISIC_7344540,0
2452,ISIC_9899949,0
2453,ISIC_1957299,0
2454,ISIC_3142779,0
2455,ISIC_0651379,0
2456,ISIC_7612589,0
2457,ISIC_2374777,0
2458,ISIC_7703655,0
2459,ISIC_0551684,0
2460,ISIC_6253295,0
2461,ISIC_5070894,0
2462,ISIC_6376959,0
2463,ISIC_1626069,0
2464,ISIC_6096163,0
2465,ISIC_3236507,0
2466,ISIC_9485901,0
2467,ISIC_6173157,0
2468,ISIC_1656452,0
2469,ISIC_4416817,0
2470,ISIC_0198861,0
2471,ISIC_5942564,0
2472,ISIC_7837254,0
2473,ISIC_4076162,0
2474,ISIC_6749335,0
2475,ISIC_2255966,0
2476,ISIC_2549727,0
2477,ISIC_2307135,0
2478,ISIC_7738065,0
2479,ISIC_2731621,0
2480,ISIC_7951378,0
2481,ISIC_0998639,0
2482,ISIC_4670822,0
2483,ISIC_0367225,0
2484,ISIC_1323427,0
2485,ISIC_1453899,0
2486,ISIC_4822306,0
2487,ISIC_9498995,0
2488,ISIC_5883084,0
2489,ISIC_7216769,0
2490,ISIC_3835588,0
2491,ISIC_7776873,0
2492,ISIC_2362404,0
2493,ISIC_4320994,0
2494,ISIC_0937346,0
2495,ISIC_1884425,0
2496,ISIC_5376141,0
2497,ISIC_9601054,0
2498,ISIC_3894224,0
2499,ISIC_3069054,0
2500,ISIC_0433142,0
2501,ISIC_9014393,0
2502,ISIC_1258435,0
2503,ISIC_8989816,0
2504,ISIC_9548034,0
2505,ISIC_3626693,0
2506,ISIC_4009855,0
2507,ISIC_4436810,0
2508,ISIC_2901680,0
2509,ISIC_0985874,0
2510,ISIC_1514228,0
2511,ISIC_9903033,0
2512,ISIC_4913818,0
2513,ISIC_8589165,0
2514,ISIC_2481230,0
2515,ISIC_6413382,0
2516,ISIC_8387437,0
2517,ISIC_5343424,0
2518,ISIC_6815672,0
2519,ISIC_3584384,0
2520,ISIC_4362889,0
2521,ISIC_6946330,0
2522,ISIC_7711947,0
2523,ISIC_0198392,0
2524,ISIC_1248275,0
2525,ISIC_7933774,0
2526,ISIC_0702317,0
2527,ISIC_3910037,0
2528,ISIC_9658175,0
2529,ISIC_7247344,0
2530,ISIC_8440070,0
2531,ISIC_1561091,0
2532,ISIC_6143791,0
2533,ISIC_0153589,0
2534,ISIC_6307850,0
2535,ISIC_7851399,0
2536,ISIC_5162216,0
2537,ISIC_3246029,0
2538,ISIC_0981661,0
2539,ISIC_9913914,0
2540,ISIC_3943097,0
2541,ISIC_8523143,0
2542,ISIC_2697895,0
2543,ISIC_1056183,0
2544,ISIC_2078928,0
2545,ISIC_3281329,0
2546,ISIC_3016696,0
2547,ISIC_7107771,0
2548,ISIC_2792606,0
2549,ISIC_4399814,0
2550,ISIC_2154275,0
2551,ISIC_0680823,0
2552,ISIC_6668308,0
2553,ISIC_1221691,0
2554,ISIC_1338975,0
2555,ISIC_6550925,0
2556,ISIC_9516221,0
2557,ISIC_9861747,0
2558,ISIC_6513977,0
2559,ISIC_6703029,0
2560,ISIC_8883957,0
2561,ISIC_7460146,0
2562,ISIC_6062638,0
2563,ISIC_2811433,0
2564,ISIC_1684067,0
2565,ISIC_1363299,0
2566,ISIC_2426937,0
2567,ISIC_5508662,0
2568,ISIC_6691662,0
2569,ISIC_5570322,0
2570,ISIC_9934401,0
2571,ISIC_7011683,0
2572,ISIC_3395529,0
2573,ISIC_2829088,0
2574,ISIC_2863172,0
2575,ISIC_2507096,0
2576,ISIC_1620413,0
2577,ISIC_8083159,0
2578,ISIC_9923018,0
2579,ISIC_8990907,0
2580,ISIC_2773596,0
2581,ISIC_8168507,0
2582,ISIC_5514753,0
2583,ISIC_7969552,0
2584,ISIC_6386546,0
2585,ISIC_9998152,0
2586,ISIC_6973830,0
2587,ISIC_0495675,0
2588,ISIC_4248273,0
2589,ISIC_8844725,0
2590,ISIC_4494022,0
2591,ISIC_4673461,0
2592,ISIC_4254744,0
2593,ISIC_9830461,0
2594,ISIC_7787118,0
2595,ISIC_5676785,0
2596,ISIC_0915342,0
2597,ISIC_6983970,0
2598,ISIC_3447765,0
2599,ISIC_2399770,0
2600,ISIC_3332207,0
2601,ISIC_3134683,0
2602,ISIC_8142469,0
2603,ISIC_3138599,0
2604,ISIC_1520342,0
2605,ISIC_0530355,0
2606,ISIC_7986935,0
2607,ISIC_1223648,0
2608,ISIC_9663017,0
2609,ISIC_7326704,0
2610,ISIC_6607519,0
2611,ISIC_0545838,0
2612,ISIC_3249783,0
2613,ISIC_6107711,0
2614,ISIC_7744467,0
2615,ISIC_2053951,0
2616,ISIC_4577414,0
2617,ISIC_8834825,0
2618,ISIC_7852465,0
2619,ISIC_1641839,0
2620,ISIC_9046478,0
2621,ISIC_2736540,0
2622,ISIC_1247254,0
2623,ISIC_7255445,0
2624,ISIC_4608846,0
2625,ISIC_1904980,0
2626,ISIC_7933565,0
2627,ISIC_3444680,0
2628,ISIC_8715507,0
2629,ISIC_1967651,0
2630,ISIC_8430687,0
2631,ISIC_3772941,0
2632,ISIC_1962482,0
2633,ISIC_5351167,0
2634,ISIC_7056748,0
2635,ISIC_8846215,0
2636,ISIC_1838216,0
2637,ISIC_1296141,0
2638,ISIC_0849028,0
2639,ISIC_3429011,0
2640,ISIC_8942967,0
2641,ISIC_7814868,0
2642,ISIC_3884221,0
2643,ISIC_9293491,0
2644,ISIC_2114035,0
2645,ISIC_6750574,0
2646,ISIC_0825763,0
2647,ISIC_2969301,0
2648,ISIC_2390695,0
2649,ISIC_7494221,0
2650,ISIC_7096946,0
2651,ISIC_1990514,0
2652,ISIC_1931408,0
2653,ISIC_3875681,0
2654,ISIC_2748608,0
2655,ISIC_4063720,0
2656,ISIC_2648376,0
2657,ISIC_3265884,0
2658,ISIC_0610499,0
2659,ISIC_2993197,0
2660,ISIC_3980606,0
2661,ISIC_2164933,0
2662,ISIC_2643130,0
2663,ISIC_5623579,0
2664,ISIC_7818094,0
2665,ISIC_1778400,0
2666,ISIC_2189699,0
2667,ISIC_1628853,0
2668,ISIC_0291473,0
2669,ISIC_9579922,0
2670,ISIC_8834282,0
2671,ISIC_3915289,0
2672,ISIC_7059744,0
2673,ISIC_2507340,0
2674,ISIC_9371867,0
2675,ISIC_0553932,0
2676,ISIC_5401740,0
2677,ISIC_9562442,0
2678,ISIC_7741524,0
2679,ISIC_5855835,0
2680,ISIC_0344658,0
2681,ISIC_3345944,0
2682,ISIC_9727132,0
2683,ISIC_3729025,0
2684,ISIC_1045084,0
2685,ISIC_6754684,0
2686,ISIC_1802793,0
2687,ISIC_7260013,0
2688,ISIC_1346562,0
2689,ISIC_0803691,0
2690,ISIC_3622949,0
2691,ISIC_6118928,0
2692,ISIC_4912127,0
2693,ISIC_8480329,0
2694,ISIC_0185051,0
2695,ISIC_8286308,0
2696,ISIC_5080783,0
2697,ISIC_9462958,0
2698,ISIC_8764464,0
2699,ISIC_7587006,0
2700,ISIC_9059706,0
2701,ISIC_9643578,0
2702,ISIC_2646893,0
2703,ISIC_1711408,0
2704,ISIC_8664819,0
2705,ISIC_9240979,0
2706,ISIC_9604922,0
2707,ISIC_8503303,0
2708,ISIC_8468778,0
2709,ISIC_9113087,0
2710,ISIC_0418738,0
2711,ISIC_4305685,0
2712,ISIC_8334115,0
2713,ISIC_2457859,0
2714,ISIC_3223682,0
2715,ISIC_3087371,0
2716,ISIC_1476361,0
2717,ISIC_7178890,0
2718,ISIC_5131914,0
2719,ISIC_3490073,0
2720,ISIC_9654057,0
2721,ISIC_5997151,0
2722,ISIC_4811165,0
2723,ISIC_1903848,0
2724,ISIC_6145261,0
2725,ISIC_4312804,0
2726,ISIC_3811819,0
2727,ISIC_9568229,0
2728,ISIC_1175215,0
2729,ISIC_7353761,0
2730,ISIC_7297759,0
2731,ISIC_9237193,0
2732,ISIC_1723904,0
2733,ISIC_3294857,0
2734,ISIC_2304459,0
2735,ISIC_1298253,0
2736,ISIC_8776646,0
2737,ISIC_4007918,0
2738,ISIC_2870556,0
2739,ISIC_9397126,0
2740,ISIC_3747979,0
2741,ISIC_8991530,0
2742,ISIC_6081468,0
2743,ISIC_3737487,0
2744,ISIC_5208069,0
2745,ISIC_9330527,0
2746,ISIC_8510644,0
2747,ISIC_6830549,0
2748,ISIC_7186503,0
2749,ISIC_1086387,0
2750,ISIC_6486966,0
2751,ISIC_7125015,0
2752,ISIC_0987830,0
2753,ISIC_3861214,0
2754,ISIC_0631669,0
2755,ISIC_3417390,0
2756,ISIC_9779803,0
2757,ISIC_7846309,0
2758,ISIC_5292859,0
2759,ISIC_1661837,0
2760,ISIC_3237688,0
2761,ISIC_2168257,0
2762,ISIC_0913027,0
2763,ISIC_5253954,0
2764,ISIC_2404691,0
2765,ISIC_5614446,0
2766,ISIC_5100319,0
2767,ISIC_3754247,0
2768,ISIC_6777153,0
2769,ISIC_0975117,0
2770,ISIC_9791811,0
2771,ISIC_2645655,0
2772,ISIC_2372032,0
2773,ISIC_5239242,0
2774,ISIC_5599941,0
2775,ISIC_6039067,0
2776,ISIC_5515986,0
2777,ISIC_2967140,0
2778,ISIC_0538298,0
2779,ISIC_3965860,0
2780,ISIC_8708847,0
2781,ISIC_5821737,0
2782,ISIC_7281080,0
2783,ISIC_7175231,0
2784,ISIC_0525318,0
2785,ISIC_6688311,0
2786,ISIC_7923816,0
2787,ISIC_1117976,0
2788,ISIC_8901371,0
2789,ISIC_4433582,0
2790,ISIC_2404995,0
2791,ISIC_1497800,0
2792,ISIC_2990228,0
2793,ISIC_5179497,0
2794,ISIC_2744153,0
2795,ISIC_1688776,0
2796,ISIC_6299511,0
2797,ISIC_4586133,0
2798,ISIC_0924302,0
2799,ISIC_9276066,0
2800,ISIC_7940137,0
2801,ISIC_9458696,0
2802,ISIC_6141183,0
2803,ISIC_7833195,0
2804,ISIC_9026091,0
2805,ISIC_5436888,0
2806,ISIC_0638889,0
2807,ISIC_9024724,0
2808,ISIC_4614044,0
2809,ISIC_4404036,0
2810,ISIC_5363229,0
2811,ISIC_3984393,0
2812,ISIC_3213318,0
2813,ISIC_2170086,0
2814,ISIC_6432495,0
2815,ISIC_0253178,0
2816,ISIC_5514109,0
2817,ISIC_9398989,0
2818,ISIC_5914315,0
2819,ISIC_8521856,0
2820,ISIC_1541348,0
2821,ISIC_6488516,0
2822,ISIC_7796821,0
2823,ISIC_8445109,0
2824,ISIC_2570104,0
2825,ISIC_9582129,0
2826,ISIC_4565708,0
2827,ISIC_0294687,0
2828,ISIC_6741707,0
2829,ISIC_9667908,0
2830,ISIC_6651570,0
2831,ISIC_3436311,0
2832,ISIC_2148640,0
2833,ISIC_3255602,0
2834,ISIC_2633665,0
2835,ISIC_1027856,0
2836,ISIC_5902427,0
2837,ISIC_2944480,0
2838,ISIC_0616456,0
2839,ISIC_2019273,0
2840,ISIC_7842111,0
2841,ISIC_9560390,0
2842,ISIC_4704470,0
2843,ISIC_8284602,0
2844,ISIC_6176182,0
2845,ISIC_9597728,0
2846,ISIC_5029146,0
2847,ISIC_4114716,0
2848,ISIC_9637941,0
2849,ISIC_7175078,0
2850,ISIC_3448630,0
2851,ISIC_0839675,0
2852,ISIC_2366196,0
2853,ISIC_3509891,0
2854,ISIC_4784833,0
2855,ISIC_0862797,0
2856,ISIC_9568166,0
2857,ISIC_5604110,0
2858,ISIC_4612180,0
2859,ISIC_8498454,0
2860,ISIC_0185135,0
2861,ISIC_9360610,0
2862,ISIC_5003391,0
2863,ISIC_6284012,0
2864,ISIC_0886519,0
2865,ISIC_8395542,0
2866,ISIC_4331936,0
2867,ISIC_4064330,0
2868,ISIC_8883577,0
2869,ISIC_4666619,0
2870,ISIC_7707214,0
2871,ISIC_5615520,0
2872,ISIC_3310235,0
2873,ISIC_8547714,0
2874,ISIC_9360053,0
2875,ISIC_1482346,0
2876,ISIC_8347607,0
2877,ISIC_9815670,0
2878,ISIC_2183722,0
2879,ISIC_0399416,0
2880,ISIC_3042558,0
2881,ISIC_5563577,0
2882,ISIC_8664718,0
2883,ISIC_7450481,0
2884,ISIC_2727309,0
2885,ISIC_0813156,0
2886,ISIC_4825096,0
2887,ISIC_4395111,0
2888,ISIC_0875971,0
2889,ISIC_6853087,0
2890,ISIC_1790898,0
2891,ISIC_4018524,0
2892,ISIC_0344052,0
2893,ISIC_4619182,0
2894,ISIC_2902328,0
2895,ISIC_7000780,0
2896,ISIC_2910474,0
2897,ISIC_4541530,0
2898,ISIC_9065762,0
2899,ISIC_7515794,0
2900,ISIC_0995161,0
2901,ISIC_5405456,0
2902,ISIC_7900624,0
2903,ISIC_5793600,0
2904,ISIC_3946914,0
2905,ISIC_3945916,0
2906,ISIC_4870676,0
2907,ISIC_2815040,0
2908,ISIC_3919752,0
2909,ISIC_3926019,0
2910,ISIC_8024261,0
2911,ISIC_7299025,0
2912,ISIC_4759062,0
2913,ISIC_2001699,0
2914,ISIC_7585550,0
2915,ISIC_8545182,0
2916,ISIC_4354520,0
2917,ISIC_6926118,0
2918,ISIC_9793067,0
2919,ISIC_9881235,0
2920,ISIC_5904214,0
2921,ISIC_4251081,0
2922,ISIC_1874377,0
2923,ISIC_7764144,0
2924,ISIC_5917606,0
2925,ISIC_3917053,0
2926,ISIC_1859522,0
2927,ISIC_6436107,0
2928,ISIC_9148510,0
2929,ISIC_2120547,0
2930,ISIC_9443910,0
2931,ISIC_1246630,0
2932,ISIC_1237232,0
2933,ISIC_1624873,0
2934,ISIC_7212975,0
2935,ISIC_4214813,0
2936,ISIC_8375933,0
2937,ISIC_7174814,0
2938,ISIC_2946123,0
2939,ISIC_0434566,0
2940,ISIC_8468957,0
2941,ISIC_8099453,0
2942,ISIC_2079466,0
2943,ISIC_4506930,0
2944,ISIC_4646990,0
2945,ISIC_4789481,0
2946,ISIC_7697445,0
2947,ISIC_3644314,0
2948,ISIC_4299159,0
2949,ISIC_3171941,0
2950,ISIC_3865503,0
2951,ISIC_2038024,0
2952,ISIC_6485874,0
2953,ISIC_6430052,0
2954,ISIC_1469636,0
2955,ISIC_3058625,0
2956,ISIC_0393088,0
2957,ISIC_2692366,0
2958,ISIC_6249090,0
2959,ISIC_7373074,0
2960,ISIC_8760731,0
2961,ISIC_2402558,0
2962,ISIC_5354607,0
2963,ISIC_0261693,0
2964,ISIC_0224300,0
2965,ISIC_5108076,0
2966,ISIC_4215060,0
2967,ISIC_9617137,0
2968,ISIC_1045252,0
2969,ISIC_5484426,0
2970,ISIC_9450695,0
2971,ISIC_5814177,0
2972,ISIC_8458843,0
2973,ISIC_9636293,0
2974,ISIC_2831416,0
2975,ISIC_3025758,0
2976,ISIC_8241421,0
2977,ISIC_8318077,0
2978,ISIC_6746530,0
2979,ISIC_6960446,0
2980,ISIC_1883402,0
2981,ISIC_4384341,0
2982,ISIC_6449939,0
2983,ISIC_1257854,0
2984,ISIC_4511027,0
2985,ISIC_8990016,0
2986,ISIC_9066883,0
2987,ISIC_9659586,0
2988,ISIC_1975192,0
2989,ISIC_7103351,0
2990,ISIC_6119156,0
2991,ISIC_7400588,0
2992,ISIC_9783959,0
2993,ISIC_5286203,0
2994,ISIC_8063506,0
2995,ISIC_3267929,0
2996,ISIC_3841930,0
2997,ISIC_6225516,0
2998,ISIC_9784104,0
2999,ISIC_1877098,0
3000,ISIC_5039396,0
3001,ISIC_7016261,0
3002,ISIC_0262401,0
3003,ISIC_1944659,0
3004,ISIC_2198030,0
3005,ISIC_9542037,0
3006,ISIC_9467322,0
3007,ISIC_7617445,0
3008,ISIC_5613057,0
3009,ISIC_8681917,0
3010,ISIC_3640598,0
3011,ISIC_2790255,0
3012,ISIC_1617676,0
3013,ISIC_3653733,0
3014,ISIC_2365917,0
3015,ISIC_1001348,0
3016,ISIC_3135818,0
3017,ISIC_6839610,0
3018,ISIC_4502443,0
3019,ISIC_5325356,0
3020,ISIC_6656318,0
3021,ISIC_5130558,0
3022,ISIC_1451092,0
3023,ISIC_9973089,0
3024,ISIC_2294745,0
3025,ISIC_0276167,0
3026,ISIC_4093484,0
3027,ISIC_5893001,0
3028,ISIC_5549273,0
3029,ISIC_8454600,0
3030,ISIC_6267883,0
3031,ISIC_9091562,0
3032,ISIC_2327808,0
3033,ISIC_3149717,0
3034,ISIC_7121454,0
3035,ISIC_3556174,0
3036,ISIC_0529262,0
3037,ISIC_1825673,0
3038,ISIC_1234618,0
3039,ISIC_8421394,0
3040,ISIC_6712494,0
3041,ISIC_7696542,0
3042,ISIC_5764552,0
3043,ISIC_8092875,0
3044,ISIC_5301962,0
3045,ISIC_5890896,0
3046,ISIC_1118147,0
3047,ISIC_7570834,0
3048,ISIC_7907808,0
3049,ISIC_4319945,0
3050,ISIC_9476904,0
3051,ISIC_2740815,0
3052,ISIC_8404470,0
3053,ISIC_4705711,0
3054,ISIC_0509567,0
3055,ISIC_7661236,0
3056,ISIC_9265406,0
3057,ISIC_0593756,0
3058,ISIC_2186853,0
3059,ISIC_3828561,0
3060,ISIC_7954359,0
3061,ISIC_8363069,0
3062,ISIC_9610311,0
3063,ISIC_7129666,0
3064,ISIC_8085925,0
3065,ISIC_7604839,0
3066,ISIC_8307569,0
3067,ISIC_9493030,0
3068,ISIC_5549970,0
3069,ISIC_0542222,0
3070,ISIC_8070064,0
3071,ISIC_6159783,0
3072,ISIC_6697013,0
3073,ISIC_3544821,0
3074,ISIC_5852396,0
3075,ISIC_6239935,0
3076,ISIC_3919794,0
3077,ISIC_0622841,0
3078,ISIC_1715821,0
3079,ISIC_4480504,0
3080,ISIC_4510342,0
3081,ISIC_8325872,0
3082,ISIC_8875762,0
3083,ISIC_7319691,0
3084,ISIC_7818799,0
3085,ISIC_5321219,0
3086,ISIC_4579262,0
3087,ISIC_5547116,0
3088,ISIC_3766196,0
3089,ISIC_1841919,0
3090,ISIC_6440229,0
3091,ISIC_3744940,0
3092,ISIC_5926429,0
3093,ISIC_2620159,0
3094,ISIC_3193358,0
3095,ISIC_2686183,0
3096,ISIC_6263974,0
3097,ISIC_5051632,0
3098,ISIC_0858513,0
3099,ISIC_7283084,0
3100,ISIC_6966803,0
3101,ISIC_8157303,0
3102,ISIC_8531942,0
3103,ISIC_1733995,0
3104,ISIC_0214335,0
3105,ISIC_9175501,0
3106,ISIC_5336007,0
3107,ISIC_8238508,0
3108,ISIC_4130478,0
3109,ISIC_0423483,0
3110,ISIC_5683235,0
3111,ISIC_8317513,0
3112,ISIC_9086596,0
3113,ISIC_8108090,0
3114,ISIC_6505551,0
3115,ISIC_2807429,0
3116,ISIC_5409902,0
3117,ISIC_9155003,0
3118,ISIC_2194936,0
3119,ISIC_3437734,0
3120,ISIC_9551134,0
3121,ISIC_1972309,0
3122,ISIC_7083830,0
3123,ISIC_8153400,0
3124,ISIC_4502605,0
3125,ISIC_6080906,0
3126,ISIC_0371038,0
3127,ISIC_9280210,0
3128,ISIC_2921459,0
3129,ISIC_3906195,0
3130,ISIC_5362869,0
3131,ISIC_7364411,0
3132,ISIC_8003465,0
3133,ISIC_4626159,0
3134,ISIC_4724943,0
3135,ISIC_6003124,0
3136,ISIC_2378211,0
3137,ISIC_6571026,0
3138,ISIC_3608577,0
3139,ISIC_1604845,0
3140,ISIC_1357166,0
3141,ISIC_5542716,0
3142,ISIC_9744087,0
3143,ISIC_3981425,0
3144,ISIC_7555839,0
3145,ISIC_5314855,0
3146,ISIC_3728659,0
3147,ISIC_3673090,0
3148,ISIC_4114972,0
3149,ISIC_4796189,0
3150,ISIC_8228224,0
3151,ISIC_9732800,0
3152,ISIC_9982091,0
3153,ISIC_0884463,0
3154,ISIC_8746871,0
3155,ISIC_7738923,0
3156,ISIC_2432058,0
3157,ISIC_3313701,0
3158,ISIC_5239796,0
3159,ISIC_1735204,0
3160,ISIC_6524052,0
3161,ISIC_2954564,0
3162,ISIC_2545016,0
3163,ISIC_0410826,0
3164,ISIC_0246090,0
3165,ISIC_4960406,0
3166,ISIC_0682086,0
3167,ISIC_1302281,0
3168,ISIC_1308177,0
3169,ISIC_6609931,0
3170,ISIC_8561864,0
3171,ISIC_3779424,0
3172,ISIC_1174017,0
3173,ISIC_6934041,0
3174,ISIC_9546197,0
3175,ISIC_4141491,0
3176,ISIC_1388984,0
3177,ISIC_0441148,0
3178,ISIC_7558980,0
3179,ISIC_5104054,0
3180,ISIC_5074228,0
3181,ISIC_7196094,0
3182,ISIC_8963643,0
3183,ISIC_0612816,0
3184,ISIC_8977933,0
3185,ISIC_8119115,0
3186,ISIC_0331947,0
3187,ISIC_7218530,0
3188,ISIC_1073659,0
3189,ISIC_6478314,0
3190,ISIC_8632694,0
3191,ISIC_9824673,0
3192,ISIC_9749009,0
3193,ISIC_2901951,0
3194,ISIC_8710040,0
3195,ISIC_8607298,0
3196,ISIC_7825342,0
3197,ISIC_5332814,0
3198,ISIC_5142472,0
3199,ISIC_9603966,0
3200,ISIC_4327560,0
3201,ISIC_6874981,0
3202,ISIC_8407262,0
3203,ISIC_6123082,0
3204,ISIC_4139260,0
3205,ISIC_5734866,0
3206,ISIC_4433244,0
3207,ISIC_4618364,0
3208,ISIC_7334117,0
3209,ISIC_2393986,0
3210,ISIC_6816608,0
3211,ISIC_2973059,0
3212,ISIC_6162609,0
3213,ISIC_5582962,0
3214,ISIC_7974945,0
3215,ISIC_5814903,0
3216,ISIC_2656925,0
3217,ISIC_1487670,0
3218,ISIC_1595496,0
3219,ISIC_2409103,0
3220,ISIC_7792842,0
3221,ISIC_6705094,0
3222,ISIC_1633463,0
3223,ISIC_5214779,0
3224,ISIC_5412095,0
3225,ISIC_4540140,0
3226,ISIC_4343552,0
3227,ISIC_1674797,0
3228,ISIC_1615215,0
3229,ISIC_8201757,0
3230,ISIC_3768806,0
3231,ISIC_7706503,0
3232,ISIC_6790642,0
3233,ISIC_4257537,0
3234,ISIC_0930980,0
3235,ISIC_6172071,0
3236,ISIC_1431777,0
3237,ISIC_5047962,0
3238,ISIC_9663140,0
3239,ISIC_8803795,0
3240,ISIC_4495210,0
3241,ISIC_8292122,0
3242,ISIC_7516715,0
3243,ISIC_1833337,0
3244,ISIC_4091066,0
3245,ISIC_3528295,0
3246,ISIC_7973296,0
3247,ISIC_6804665,0
3248,ISIC_5863435,0
3249,ISIC_8723815,0
3250,ISIC_2132397,0
3251,ISIC_3884285,0
3252,ISIC_4550082,0
3253,ISIC_7312097,0
3254,ISIC_4456116,0
3255,ISIC_7409889,0
3256,ISIC_3358565,0
3257,ISIC_0623857,0
3258,ISIC_9331782,0
3259,ISIC_1148932,0
3260,ISIC_7731786,0
3261,ISIC_5513509,0
3262,ISIC_0576265,0
3263,ISIC_9088976,0
3264,ISIC_9932367,0
3265,ISIC_1984557,0
3266,ISIC_4737672,0
3267,ISIC_9121151,0
3268,ISIC_7063995,0
3269,ISIC_5849047,0
3270,ISIC_5206080,0
3271,ISIC_7936961,0
3272,ISIC_8190708,0
3273,ISIC_0877543,0
3274,ISIC_2553652,0
3275,ISIC_7853490,0
3276,ISIC_2905777,0
3277,ISIC_6916479,0
3278,ISIC_9437426,0
3279,ISIC_9671443,0
3280,ISIC_9117797,0
3281,ISIC_0803667,0
3282,ISIC_1854603,0
3283,ISIC_9817000,0
3284,ISIC_9999515,0
3285,ISIC_8148759,0
3286,ISIC_4608323,0
3287,ISIC_0441120,0
3288,ISIC_3206224,0
3289,ISIC_2009055,0
3290,ISIC_1178367,0
3291,ISIC_8723302,0
3292,ISIC_9226193,0
3293,ISIC_8324719,0
3294,ISIC_6588103,0
3295,ISIC_7214104,0
3296,ISIC_1891091,0
3297,ISIC_3354440,0
3298,ISIC_7452410,0
3299,ISIC_5840614,0
3300,ISIC_8495497,0
3301,ISIC_3444719,0
3302,ISIC_8556519,0
3303,ISIC_0751219,0
3304,ISIC_3925125,0
3305,ISIC_2261306,0
3306,ISIC_6403046,0
3307,ISIC_4908514,0
3308,ISIC_1870184,0
3309,ISIC_7022071,0
3310,ISIC_6502288,0
3311,ISIC_3410352,0
3312,ISIC_3413036,0
3313,ISIC_8476586,0
3314,ISIC_0707756,0
3315,ISIC_2827098,0
3316,ISIC_0239070,0
3317,ISIC_1410481,0
3318,ISIC_9966425,0
3319,ISIC_3331982,0
3320,ISIC_9140498,0
3321,ISIC_3845253,0
3322,ISIC_7832764,0
3323,ISIC_3412502,0
3324,ISIC_3809396,0
3325,ISIC_5047840,0
3326,ISIC_4947726,0
3327,ISIC_0879097,0
3328,ISIC_2828861,0
3329,ISIC_8011253,0
3330,ISIC_6250844,0
3331,ISIC_2119201,0
3332,ISIC_3603228,0
3333,ISIC_7881514,0
3334,ISIC_8225843,0
3335,ISIC_9925849,0
3336,ISIC_2645615,0
3337,ISIC_6051951,0
3338,ISIC_4388706,0
3339,ISIC_1785293,0
3340,ISIC_0514672,0
3341,ISIC_2184229,0
3342,ISIC_0170285,0
3343,ISIC_7114356,0
3344,ISIC_1686254,0
3345,ISIC_6381981,0
3346,ISIC_6974497,0
3347,ISIC_2467623,0
3348,ISIC_8158081,0
3349,ISIC_1320837,0
3350,ISIC_9168624,0
3351,ISIC_4340139,0
3352,ISIC_9601132,0
3353,ISIC_2778131,0
3354,ISIC_1050950,0
3355,ISIC_4767789,0
3356,ISIC_5309561,0
3357,ISIC_7592174,0
3358,ISIC_3849316,0
3359,ISIC_9924993,0
3360,ISIC_8671702,0
3361,ISIC_9813537,0
3362,ISIC_8569205,0
3363,ISIC_1345925,0
3364,ISIC_0232767,0
3365,ISIC_2968272,0
3366,ISIC_2332127,0
3367,ISIC_1739120,0
3368,ISIC_1433669,0
3369,ISIC_2869813,0
3370,ISIC_3398017,0
3371,ISIC_9076133,0
3372,ISIC_4255923,0
3373,ISIC_3541193,0
3374,ISIC_9492000,0
3375,ISIC_7607909,0
3376,ISIC_6461484,0
3377,ISIC_9562292,0
3378,ISIC_7939646,0
3379,ISIC_2295004,0
3380,ISIC_7876737,0
3381,ISIC_6391839,0
3382,ISIC_7054883,0
3383,ISIC_9146025,0
3384,ISIC_2186492,0
3385,ISIC_1486589,0
3386,ISIC_3610285,0
3387,ISIC_8603396,0
3388,ISIC_7255413,0
3389,ISIC_5671321,0
3390,ISIC_6509261,0
3391,ISIC_2195125,0
3392,ISIC_0362039,0
3393,ISIC_3328295,0
3394,ISIC_4328662,0
3395,ISIC_3990032,0
3396,ISIC_1621431,0
3397,ISIC_0442837,0
3398,ISIC_6132725,0
3399,ISIC_4074537,0
3400,ISIC_7901461,0
3401,ISIC_1338069,0
3402,ISIC_9196819,0
3403,ISIC_1521135,0
3404,ISIC_7043443,0
3405,ISIC_1383822,0
3406,ISIC_2313673,0
3407,ISIC_3154122,0
3408,ISIC_9767292,0
3409,ISIC_2427035,0
3410,ISIC_6930275,0
3411,ISIC_7663567,0
3412,ISIC_0405211,0
3413,ISIC_7555662,0
3414,ISIC_3610750,0
3415,ISIC_9346074,0
3416,ISIC_1129825,0
3417,ISIC_7139532,0
3418,ISIC_5370803,0
3419,ISIC_1911390,0
3420,ISIC_7607335,0
3421,ISIC_6498634,0
3422,ISIC_3362526,0
3423,ISIC_8910635,0
3424,ISIC_5790534,0
3425,ISIC_4647442,0
3426,ISIC_1318018,0
3427,ISIC_5483519,0
3428,ISIC_2729893,0
3429,ISIC_2699791,0
3430,ISIC_3718027,0
3431,ISIC_7798770,0
3432,ISIC_3183548,0
3433,ISIC_6954994,0
3434,ISIC_6813745,0
3435,ISIC_3015774,0
3436,ISIC_3136263,0
3437,ISIC_3950759,0
3438,ISIC_2513343,0
3439,ISIC_8593029,0
3440,ISIC_3134415,0
3441,ISIC_3609379,0
3442,ISIC_5857954,0
3443,ISIC_9799596,0
3444,ISIC_2691209,0
3445,ISIC_8032758,0
3446,ISIC_7409165,0
3447,ISIC_1781826,0
3448,ISIC_7301963,0
3449,ISIC_3153709,0
3450,ISIC_9815788,0
3451,ISIC_1772828,0
3452,ISIC_1045706,0
3453,ISIC_9037248,0
3454,ISIC_8461708,0
3455,ISIC_2600276,0
3456,ISIC_3124044,0
3457,ISIC_6087053,0
3458,ISIC_1200790,0
3459,ISIC_3152541,0
3460,ISIC_9308276,0
3461,ISIC_3927991,0
3462,ISIC_6520777,0
3463,ISIC_5353241,0
3464,ISIC_9570160,0
3465,ISIC_7043313,0
3466,ISIC_3833622,0
3467,ISIC_9840734,0
3468,ISIC_1658623,0
3469,ISIC_5483119,0
3470,ISIC_9221435,0
3471,ISIC_5524048,0
3472,ISIC_6941010,0
3473,ISIC_6933573,0
3474,ISIC_7365239,0
3475,ISIC_9051287,0
3476,ISIC_8165293,0
3477,ISIC_0403458,0
3478,ISIC_4118762,0
3479,ISIC_4904912,0
3480,ISIC_6703021,0
3481,ISIC_2059481,0
3482,ISIC_5225090,0
3483,ISIC_3951028,0
3484,ISIC_5164319,0
3485,ISIC_1799484,0
3486,ISIC_5200993,0
3487,ISIC_3936214,0
3488,ISIC_2066769,0
3489,ISIC_1620841,0
3490,ISIC_1173962,0
3491,ISIC_8738797,0
3492,ISIC_5850459,0
3493,ISIC_6025224,0
3494,ISIC_7657085,0
3495,ISIC_4337318,0
3496,ISIC_5818981,0
3497,ISIC_4752273,0
3498,ISIC_6754247,0
3499,ISIC_9161937,0
3500,ISIC_0424784,0
3501,ISIC_0159663,0
3502,ISIC_3939790,0
3503,ISIC_7646167,0
3504,ISIC_5390565,0
3505,ISIC_3715194,0
3506,ISIC_7599973,0
3507,ISIC_6877295,0
3508,ISIC_6328526,0
3509,ISIC_8882801,0
3510,ISIC_0301568,0
3511,ISIC_7970026,0
3512,ISIC_9339640,0
3513,ISIC_9748543,0
3514,ISIC_9843688,0
3515,ISIC_6111487,0
3516,ISIC_2623707,0
3517,ISIC_9307584,0
3518,ISIC_9851670,0
3519,ISIC_6737773,0
3520,ISIC_6288718,0
3521,ISIC_1467552,0
3522,ISIC_9475155,0
3523,ISIC_6785249,0
3524,ISIC_3202358,0
3525,ISIC_0401250,0
3526,ISIC_0727322,0
3527,ISIC_8998299,0
3528,ISIC_5781056,0
3529,ISIC_1303854,0
3530,ISIC_2486891,0
3531,ISIC_9366737,0
3532,ISIC_5667935,0
3533,ISIC_8001276,0
3534,ISIC_5142375,0
3535,ISIC_0753802,0
3536,ISIC_5747367,0
3537,ISIC_8194371,0
3538,ISIC_0770257,0
3539,ISIC_7927595,0
3540,ISIC_2143557,0
3541,ISIC_7671589,0
3542,ISIC_7196609,0
3543,ISIC_8319768,0
3544,ISIC_8812781,0
3545,ISIC_2595590,0
3546,ISIC_7053159,0
3547,ISIC_7709419,0
3548,ISIC_7035373,0
3549,ISIC_3182374,0
3550,ISIC_4163009,0
3551,ISIC_5264153,0
3552,ISIC_9008844,0
3553,ISIC_4506518,0
3554,ISIC_0803154,0
3555,ISIC_3417396,0
3556,ISIC_4917773,0
3557,ISIC_4347744,0
3558,ISIC_8731844,0
3559,ISIC_4418220,0
3560,ISIC_4232761,0
3561,ISIC_3692776,0
3562,ISIC_4860223,0
3563,ISIC_3477566,0
3564,ISIC_7486061,0
3565,ISIC_1960468,0
3566,ISIC_5359621,0
3567,ISIC_8525786,0
3568,ISIC_3006507,0
3569,ISIC_1141666,0
3570,ISIC_8754461,0
3571,ISIC_2147342,0
3572,ISIC_3727980,0
3573,ISIC_7351443,0
3574,ISIC_1037947,0
3575,ISIC_8604565,0
3576,ISIC_5681315,0
3577,ISIC_6418410,0
3578,ISIC_4121595,0
3579,ISIC_2625510,0
3580,ISIC_7302626,0
3581,ISIC_3421141,0
3582,ISIC_7583768,0
3583,ISIC_0443266,0
3584,ISIC_6547336,0
3585,ISIC_2968668,0
3586,ISIC_4701063,0
3587,ISIC_3556570,0
3588,ISIC_6324423,0
3589,ISIC_1262966,0
3590,ISIC_3603821,0
3591,ISIC_1768197,0
3592,ISIC_4787698,0
3593,ISIC_6685532,0
3594,ISIC_7589802,0
3595,ISIC_1342117,0
3596,ISIC_9754455,0
3597,ISIC_9364535,0
3598,ISIC_2982883,0
3599,ISIC_7213944,0
3600,ISIC_5562603,0
3601,ISIC_5170821,0
3602,ISIC_7959202,0
3603,ISIC_5546488,0
3604,ISIC_2293230,0
3605,ISIC_1576437,0
3606,ISIC_2060078,0
3607,ISIC_0481910,0
3608,ISIC_4784925,0
3609,ISIC_2204217,0
3610,ISIC_8327455,0
3611,ISIC_6753831,0
3612,ISIC_6358106,0
3613,ISIC_8423312,0
3614,ISIC_8605941,0
3615,ISIC_3936041,0
3616,ISIC_0999642,0
3617,ISIC_6527570,0
3618,ISIC_4793117,0
3619,ISIC_5881363,0
3620,ISIC_5442856,0
3621,ISIC_4823597,0
3622,ISIC_3857463,0
3623,ISIC_4592019,0
3624,ISIC_9227253,0
3625,ISIC_9493710,0
3626,ISIC_4487589,0
3627,ISIC_1202561,0
3628,ISIC_1447118,0
3629,ISIC_7315641,0
3630,ISIC_5470394,0
3631,ISIC_5919926,0
3632,ISIC_6851717,0
3633,ISIC_4933735,0
3634,ISIC_2963478,0
3635,ISIC_3048886,0
3636,ISIC_8295306,0
3637,ISIC_8469807,0
3638,ISIC_9379816,0
3639,ISIC_0767006,0
3640,ISIC_5156210,0
3641,ISIC_3996990,0
3642,ISIC_8521337,0
3643,ISIC_1957625,0
3644,ISIC_4680417,0
3645,ISIC_1270339,0
3646,ISIC_3244047,0
3647,ISIC_8432254,0
3648,ISIC_7949603,0
3649,ISIC_0996566,0
3650,ISIC_1963919,0
3651,ISIC_1165669,0
3652,ISIC_1746702,0
3653,ISIC_2435523,0
3654,ISIC_9103090,0
3655,ISIC_8466737,0
3656,ISIC_2440165,0
3657,ISIC_4657733,0
3658,ISIC_3423704,0
3659,ISIC_8120622,0
3660,ISIC_4870011,0
3661,ISIC_3125318,0
3662,ISIC_9421698,0
3663,ISIC_1788671,0
3664,ISIC_2927205,0
3665,ISIC_6660247,0
3666,ISIC_4290875,0
3667,ISIC_6515221,0
3668,ISIC_3793957,0
3669,ISIC_2012388,0
3670,ISIC_5964381,0
3671,ISIC_6539336,0
3672,ISIC_2684745,0
3673,ISIC_8085467,0
3674,ISIC_3035379,0
3675,ISIC_0184688,0
3676,ISIC_4891451,0
3677,ISIC_1511913,0
3678,ISIC_9389362,0
3679,ISIC_0282166,0
3680,ISIC_1827859,0
3681,ISIC_7793221,0
3682,ISIC_9721853,0
3683,ISIC_0165449,0
3684,ISIC_2172377,0
3685,ISIC_9839060,0
3686,ISIC_1759817,0
3687,ISIC_4015508,0
3688,ISIC_9054920,0
3689,ISIC_9956374,0
3690,ISIC_6046224,0
3691,ISIC_2596814,0
3692,ISIC_7768638,0
3693,ISIC_4033523,0
3694,ISIC_0853825,0
3695,ISIC_4509525,0
3696,ISIC_1428473,0
3697,ISIC_4059146,0
3698,ISIC_1005544,0
3699,ISIC_2920940,0
3700,ISIC_4047927,0
3701,ISIC_8045277,0
3702,ISIC_3691714,0
3703,ISIC_6927228,0
3704,ISIC_8750509,0
3705,ISIC_9378805,0
3706,ISIC_5869383,0
3707,ISIC_6178206,0
3708,ISIC_1026382,0
3709,ISIC_4879697,0
3710,ISIC_1176099,0
3711,ISIC_4842681,0
3712,ISIC_4225027,0
3713,ISIC_2360135,0
3714,ISIC_9844010,0
3715,ISIC_6954577,0
3716,ISIC_6971473,0
3717,ISIC_9135390,0
3718,ISIC_6661862,0
3719,ISIC_5340117,0
3720,ISIC_0520584,0
3721,ISIC_1511109,0
3722,ISIC_5264236,0
3723,ISIC_4026540,0
3724,ISIC_5657484,0
3725,ISIC_5484776,0
3726,ISIC_2404756,0
3727,ISIC_7075836,0
3728,ISIC_7699392,0
3729,ISIC_3222960,0
3730,ISIC_6162819,0
3731,ISIC_6088974,0
3732,ISIC_2651049,0
3733,ISIC_6167377,0
3734,ISIC_1965598,0
3735,ISIC_6966230,0
3736,ISIC_7136896,0
3737,ISIC_4249893,0
3738,ISIC_0358285,0
3739,ISIC_4231732,0
3740,ISIC_9690865,0
3741,ISIC_8760029,0
3742,ISIC_2141786,0
3743,ISIC_6634914,0
3744,ISIC_3730507,0
3745,ISIC_1550349,0
3746,ISIC_8492070,0
3747,ISIC_4823052,0
3748,ISIC_1564127,0
3749,ISIC_2553644,0
3750,ISIC_4311592,0
3751,ISIC_7909667,0
3752,ISIC_1103365,0
3753,ISIC_1450315,0
3754,ISIC_8762437,0
3755,ISIC_4585877,0
3756,ISIC_8300957,0
3757,ISIC_3828455,0
3758,ISIC_4322954,0
3759,ISIC_9276442,0
3760,ISIC_6371959,0
3761,ISIC_8377931,0
3762,ISIC_3430492,0
3763,ISIC_9711325,0
3764,ISIC_3632419,0
3765,ISIC_8029954,0
